nodes,techs,carriers,timesteps,flow_in_inc_eff
NLD,curtailment,power,2019-01-01 00:00:00,0.0006721536157712205
NLD,curtailment,power,2019-01-01 01:00:00,0.0006689397406394182
NLD,curtailment,power,2019-01-01 02:00:00,0.0006669233134163344
NLD,curtailment,power,2019-01-01 03:00:00,0.0006650088477724303
NLD,curtailment,power,2019-01-01 04:00:00,0.0006644363771258766
NLD,curtailment,power,2019-01-01 05:00:00,0.000664824677384046
NLD,curtailment,power,2019-01-01 06:00:00,0.0006653384399830653
NLD,curtailment,power,2019-01-01 07:00:00,0.0006667450196615743
NLD,curtailment,power,2019-01-01 08:00:00,0.000668805973012776
NLD,curtailment,power,2019-01-01 09:00:00,0.0006679053168938687
NLD,curtailment,power,2019-01-01 10:00:00,0.0006634140632700847
NLD,curtailment,power,2019-01-01 11:00:00,0.0006057848985361325
NLD,curtailment,power,2019-01-01 12:00:00,0.0007110993062606763
NLD,curtailment,power,2019-01-01 13:00:00,0.000650512944207815
NLD,curtailment,power,2019-01-01 14:00:00,0.0006658409169363333
NLD,curtailment,power,2019-01-01 15:00:00,0.0006707111310059188
NLD,curtailment,power,2019-01-01 16:00:00,0.0006749150601055298
NLD,curtailment,power,2019-01-01 17:00:00,0.0006714679474952856
NLD,curtailment,power,2019-01-01 18:00:00,0.0006694063926080407
NLD,curtailment,power,2019-01-01 19:00:00,0.0006676405188502654
NLD,curtailment,power,2019-01-01 20:00:00,0.0006666111389161955
NLD,curtailment,power,2019-01-01 21:00:00,0.0006655899774308249
NLD,curtailment,power,2019-01-01 22:00:00,0.0006635849972003172
NLD,curtailment,power,2019-01-01 23:00:00,0.0006619903777732583
NLD,curtailment,power,2019-01-02 00:00:00,0.0006608621388995983
NLD,curtailment,power,2019-01-02 01:00:00,0.0006607682782648894
NLD,curtailment,power,2019-01-02 02:00:00,0.0006608278275644919
NLD,curtailment,power,2019-01-02 03:00:00,0.0006618207607592685
NLD,curtailment,power,2019-01-02 04:00:00,0.0006643591021511241
NLD,curtailment,power,2019-01-02 05:00:00,0.0006676891092828319
NLD,curtailment,power,2019-01-02 06:00:00,0.000678834401940942
NLD,curtailment,power,2019-01-02 07:00:00,0.0007168769267787978
NLD,curtailment,power,2019-01-02 08:00:00,0.0007009056393556534
NLD,curtailment,power,2019-01-02 09:00:00,0.0006671587956342817
NLD,curtailment,power,2019-01-02 10:00:00,0.0006639555702382394
NLD,curtailment,power,2019-01-02 11:00:00,0.000662103966902472
NLD,curtailment,power,2019-01-02 12:00:00,0.0006646262193492625
NLD,curtailment,power,2019-01-02 13:00:00,0.0006733292774201427
NLD,curtailment,power,2019-01-02 14:00:00,0.0007373797986081065
NLD,curtailment,power,2019-01-02 15:00:00,0.0009982621757301802
NLD,curtailment,power,2019-01-02 16:00:00,0.0012979237582775305
NLD,curtailment,power,2019-01-02 17:00:00,0.0010581707564707443
NLD,curtailment,power,2019-01-02 18:00:00,0.0010188580649495016
NLD,curtailment,power,2019-01-02 19:00:00,0.0009227974940462236
NLD,curtailment,power,2019-01-02 20:00:00,0.0008326444761189711
NLD,curtailment,power,2019-01-02 21:00:00,0.0007630947609229555
NLD,curtailment,power,2019-01-02 22:00:00,0.000728865511228749
NLD,curtailment,power,2019-01-02 23:00:00,0.0007169773033943727
NLD,curtailment,power,2019-01-03 00:00:00,0.0007122625867935772
NLD,curtailment,power,2019-01-03 01:00:00,0.0007080601147593235
NLD,curtailment,power,2019-01-03 02:00:00,0.0007068479393081972
NLD,curtailment,power,2019-01-03 03:00:00,0.0007046642112196189
NLD,curtailment,power,2019-01-03 04:00:00,0.0007066429885485004
NLD,curtailment,power,2019-01-03 05:00:00,0.0007247769228168055
NLD,curtailment,power,2019-01-03 06:00:00,0.0008102461191494825
NLD,curtailment,power,2019-01-03 07:00:00,0.001018530207981705
NLD,curtailment,power,2019-01-03 08:00:00,0.000978182818521689
NLD,curtailment,power,2019-01-03 09:00:00,0.000823815746958223
NLD,curtailment,power,2019-01-03 10:00:00,0.0007493079121850821
NLD,curtailment,power,2019-01-03 11:00:00,0.000708416284155966
NLD,curtailment,power,2019-01-03 12:00:00,0.000723276281518137
NLD,curtailment,power,2019-01-03 13:00:00,0.0008292020838711611
NLD,curtailment,power,2019-01-03 14:00:00,0.0010612539039456248
NLD,curtailment,power,2019-01-03 15:00:00,0.0013751539920019429
NLD,curtailment,power,2019-01-03 16:00:00,0.0018590886287839226
NLD,curtailment,power,2019-01-03 17:00:00,0.0013244389236233278
NLD,curtailment,power,2019-01-03 18:00:00,0.0012522007129860402
NLD,curtailment,power,2019-01-03 19:00:00,0.0011808486629238946
NLD,curtailment,power,2019-01-03 20:00:00,0.0009729849827710968
NLD,curtailment,power,2019-01-03 21:00:00,0.0008158032523890579
NLD,curtailment,power,2019-01-03 22:00:00,0.0007585682196341592
NLD,curtailment,power,2019-01-03 23:00:00,0.0007388751485399858
NLD,curtailment,power,2019-01-04 00:00:00,0.0007293248865107849
NLD,curtailment,power,2019-01-04 01:00:00,0.0007209803893524214
NLD,curtailment,power,2019-01-04 02:00:00,0.0007170378107128617
NLD,curtailment,power,2019-01-04 03:00:00,0.0007129748986884898
NLD,curtailment,power,2019-01-04 04:00:00,0.0007114292431120717
NLD,curtailment,power,2019-01-04 05:00:00,0.0007195273844904371
NLD,curtailment,power,2019-01-04 06:00:00,0.0007621397128904084
NLD,curtailment,power,2019-01-04 07:00:00,0.0008739420619803262
NLD,curtailment,power,2019-01-04 08:00:00,0.0008898644071817507
NLD,curtailment,power,2019-01-04 09:00:00,0.000789533524811814
NLD,curtailment,power,2019-01-04 10:00:00,0.0007223693482263371
NLD,curtailment,power,2019-01-04 11:00:00,0.0007237368412023049
NLD,curtailment,power,2019-01-04 12:00:00,0.0007381590786423864
NLD,curtailment,power,2019-01-04 13:00:00,0.0008046491268204337
NLD,curtailment,power,2019-01-04 14:00:00,0.0008897661811340107
NLD,curtailment,power,2019-01-04 15:00:00,0.0010069643687848906
NLD,curtailment,power,2019-01-04 16:00:00,0.001177794323112158
NLD,curtailment,power,2019-01-04 17:00:00,0.0009379439809953372
NLD,curtailment,power,2019-01-04 18:00:00,0.0008581164865792967
NLD,curtailment,power,2019-01-04 19:00:00,0.0007902430936734817
NLD,curtailment,power,2019-01-04 20:00:00,0.0007443269598231828
NLD,curtailment,power,2019-01-04 21:00:00,0.0007187488643805029
NLD,curtailment,power,2019-01-04 22:00:00,0.000705759581179799
NLD,curtailment,power,2019-01-04 23:00:00,0.0006860952981045942
NLD,curtailment,power,2019-01-05 00:00:00,0.00067755283597426
NLD,curtailment,power,2019-01-05 01:00:00,0.0006728178035484422
NLD,curtailment,power,2019-01-05 02:00:00,0.0006687269832378329
NLD,curtailment,power,2019-01-05 03:00:00,0.0006667184019442107
NLD,curtailment,power,2019-01-05 04:00:00,0.0006669142010153895
NLD,curtailment,power,2019-01-05 05:00:00,0.0006673437133629667
NLD,curtailment,power,2019-01-05 06:00:00,0.0006709062521589315
NLD,curtailment,power,2019-01-05 07:00:00,0.0006784265617116869
NLD,curtailment,power,2019-01-05 08:00:00,0.0006844565369922284
NLD,curtailment,power,2019-01-05 09:00:00,0.0006847821144387867
NLD,curtailment,power,2019-01-05 10:00:00,0.0006857281217276245
NLD,curtailment,power,2019-01-05 11:00:00,0.0006872206535460945
NLD,curtailment,power,2019-01-05 12:00:00,0.0006930394494434333
NLD,curtailment,power,2019-01-05 13:00:00,0.0007038590709647075
NLD,curtailment,power,2019-01-05 14:00:00,0.000711996266842152
NLD,curtailment,power,2019-01-05 15:00:00,0.0007201711522960563
NLD,curtailment,power,2019-01-05 16:00:00,0.0007552269039993176
NLD,curtailment,power,2019-01-05 17:00:00,0.0007303787851570265
NLD,curtailment,power,2019-01-05 18:00:00,0.0007257361552455155
NLD,curtailment,power,2019-01-05 19:00:00,0.0007168195727381699
NLD,curtailment,power,2019-01-05 20:00:00,0.0007051836499066821
NLD,curtailment,power,2019-01-05 21:00:00,0.0006914144633215491
NLD,curtailment,power,2019-01-05 22:00:00,0.0006843757723002941
NLD,curtailment,power,2019-01-05 23:00:00,0.0006810410396536071
NLD,curtailment,power,2019-01-06 00:00:00,0.0006805797194293639
NLD,curtailment,power,2019-01-06 01:00:00,0.0006797637574981197
NLD,curtailment,power,2019-01-06 02:00:00,0.0006812873871866465
NLD,curtailment,power,2019-01-06 03:00:00,0.0006842426148044867
NLD,curtailment,power,2019-01-06 04:00:00,0.00068797924342201
NLD,curtailment,power,2019-01-06 05:00:00,0.0006968236794160365
NLD,curtailment,power,2019-01-06 06:00:00,0.0007116528110231446
NLD,curtailment,power,2019-01-06 07:00:00,0.000727325742048146
NLD,curtailment,power,2019-01-06 08:00:00,0.0007413713326280824
NLD,curtailment,power,2019-01-06 09:00:00,0.0007352640375136721
NLD,curtailment,power,2019-01-06 10:00:00,0.0007215882711595345
NLD,curtailment,power,2019-01-06 11:00:00,0.0007194150330023241
NLD,curtailment,power,2019-01-06 12:00:00,0.0007126435075199833
NLD,curtailment,power,2019-01-06 13:00:00,0.00073349232221398
NLD,curtailment,power,2019-01-06 14:00:00,0.0008322641808785614
NLD,curtailment,power,2019-01-06 15:00:00,0.0010001585913713695
NLD,curtailment,power,2019-01-06 16:00:00,0.0013168684006625853
NLD,curtailment,power,2019-01-06 17:00:00,0.0011121962098026295
NLD,curtailment,power,2019-01-06 18:00:00,0.0010197613421087937
NLD,curtailment,power,2019-01-06 19:00:00,0.0009533215167260023
NLD,curtailment,power,2019-01-06 20:00:00,0.0008673090238549008
NLD,curtailment,power,2019-01-06 21:00:00,0.0008067547040395695
NLD,curtailment,power,2019-01-06 22:00:00,0.0007584820513951707
NLD,curtailment,power,2019-01-06 23:00:00,0.0007408264957697863
NLD,curtailment,power,2019-01-07 00:00:00,0.0007247799657926768
NLD,curtailment,power,2019-01-07 01:00:00,0.0007172585019985522
NLD,curtailment,power,2019-01-07 02:00:00,0.0007155129689808692
NLD,curtailment,power,2019-01-07 03:00:00,0.0007143470376477223
NLD,curtailment,power,2019-01-07 04:00:00,0.0007156817320027598
NLD,curtailment,power,2019-01-07 05:00:00,0.0007450800337011065
NLD,curtailment,power,2019-01-07 06:00:00,0.0009174489923450269
NLD,curtailment,power,2019-01-07 07:00:00,0.0012082551821557264
NLD,curtailment,power,2019-01-07 08:00:00,0.0012042401780223422
NLD,curtailment,power,2019-01-07 09:00:00,0.0011103029913559492
NLD,curtailment,power,2019-01-07 10:00:00,0.0009735545109704757
NLD,curtailment,power,2019-01-07 11:00:00,0.0008175190788104469
NLD,curtailment,power,2019-01-07 12:00:00,0.0007836660068519796
NLD,curtailment,power,2019-01-07 13:00:00,0.0007498488372094103
NLD,curtailment,power,2019-01-07 14:00:00,0.0007367473929256185
NLD,curtailment,power,2019-01-07 15:00:00,0.0007381759051977577
NLD,curtailment,power,2019-01-07 16:00:00,0.0007624969274010462
NLD,curtailment,power,2019-01-07 17:00:00,0.0007190737322402274
NLD,curtailment,power,2019-01-07 18:00:00,0.0006955276300103508
NLD,curtailment,power,2019-01-07 19:00:00,0.0006798299808635777
NLD,curtailment,power,2019-01-07 20:00:00,0.0006716685250515164
NLD,curtailment,power,2019-01-07 21:00:00,0.000666076550428385
NLD,curtailment,power,2019-01-07 22:00:00,0.0006638297239343061
NLD,curtailment,power,2019-01-07 23:00:00,0.0006614130435588228
NLD,curtailment,power,2019-01-08 00:00:00,0.0006606303450144013
NLD,curtailment,power,2019-01-08 01:00:00,0.0006600644273806466
NLD,curtailment,power,2019-01-08 02:00:00,0.0006512562306928427
NLD,curtailment,power,2019-01-08 03:00:00,0.0006474448035105329
NLD,curtailment,power,2019-01-08 04:00:00,0.0006597347095533834
NLD,curtailment,power,2019-01-08 05:00:00,0.0006623786462748305
NLD,curtailment,power,2019-01-08 06:00:00,0.0006684978432763833
NLD,curtailment,power,2019-01-08 07:00:00,0.00067604207804417
NLD,curtailment,power,2019-01-08 08:00:00,0.0006750806662282338
NLD,curtailment,power,2019-01-08 09:00:00,0.0006695408267251013
NLD,curtailment,power,2019-01-08 10:00:00,0.0006658529309724326
NLD,curtailment,power,2019-01-08 11:00:00,0.0006626521481107872
NLD,curtailment,power,2019-01-08 12:00:00,0.0006610928398104177
NLD,curtailment,power,2019-01-08 13:00:00,0.0006649652470053224
NLD,curtailment,power,2019-01-08 14:00:00,0.0006699633733857624
NLD,curtailment,power,2019-01-08 15:00:00,0.000677008355772224
NLD,curtailment,power,2019-01-08 16:00:00,0.0006878397967672312
NLD,curtailment,power,2019-01-08 17:00:00,0.0006785638246644687
NLD,curtailment,power,2019-01-08 18:00:00,0.0006765131226762477
NLD,curtailment,power,2019-01-08 19:00:00,0.0006732868961325522
NLD,curtailment,power,2019-01-08 20:00:00,0.0006692671814338969
NLD,curtailment,power,2019-01-08 21:00:00,0.0006664092939737687
NLD,curtailment,power,2019-01-08 22:00:00,0.0006651144377257667
NLD,curtailment,power,2019-01-08 23:00:00,0.0006637809268478234
NLD,curtailment,power,2019-01-09 00:00:00,0.0006631276815932674
NLD,curtailment,power,2019-01-09 01:00:00,0.0006634766298112549
NLD,curtailment,power,2019-01-09 02:00:00,0.000664053144535437
NLD,curtailment,power,2019-01-09 03:00:00,0.0006651938195544327
NLD,curtailment,power,2019-01-09 04:00:00,0.0006664330108462346
NLD,curtailment,power,2019-01-09 05:00:00,0.0006749231178991844
NLD,curtailment,power,2019-01-09 06:00:00,0.0007080966673395084
NLD,curtailment,power,2019-01-09 07:00:00,0.0007537139257125514
NLD,curtailment,power,2019-01-09 08:00:00,0.0007175516496972234
NLD,curtailment,power,2019-01-09 09:00:00,0.0006698461421087432
NLD,curtailment,power,2019-01-09 10:00:00,0.0006618809969997086
NLD,curtailment,power,2019-01-09 11:00:00,0.0006104150622934235
NLD,curtailment,power,2019-01-09 12:00:00,0.0006048036716717053
NLD,curtailment,power,2019-01-09 13:00:00,0.000662652181970147
NLD,curtailment,power,2019-01-09 14:00:00,0.0006860042664598165
NLD,curtailment,power,2019-01-09 15:00:00,0.0007517380038667421
NLD,curtailment,power,2019-01-09 16:00:00,0.000842341946013514
NLD,curtailment,power,2019-01-09 17:00:00,0.0007473007518110641
NLD,curtailment,power,2019-01-09 18:00:00,0.0007345631013806475
NLD,curtailment,power,2019-01-09 19:00:00,0.0007238945951949516
NLD,curtailment,power,2019-01-09 20:00:00,0.0007181826281675852
NLD,curtailment,power,2019-01-09 21:00:00,0.0007102518881119124
NLD,curtailment,power,2019-01-09 22:00:00,0.0007140383828636576
NLD,curtailment,power,2019-01-09 23:00:00,0.0007129150643050419
NLD,curtailment,power,2019-01-10 00:00:00,0.0007103495964049245
NLD,curtailment,power,2019-01-10 01:00:00,0.0007130958436069035
NLD,curtailment,power,2019-01-10 02:00:00,0.0007157160076706193
NLD,curtailment,power,2019-01-10 03:00:00,0.000717407993712782
NLD,curtailment,power,2019-01-10 04:00:00,0.0007319995661123624
NLD,curtailment,power,2019-01-10 05:00:00,0.0008447245305783779
NLD,curtailment,power,2019-01-10 06:00:00,0.001566689139787636
NLD,curtailment,power,2019-01-10 07:00:00,0.0030396551565075036
NLD,curtailment,power,2019-01-10 08:00:00,0.0034710999040847845
NLD,curtailment,power,2019-01-10 09:00:00,0.0027733075810405516
NLD,curtailment,power,2019-01-10 10:00:00,0.002076328673631167
NLD,curtailment,power,2019-01-10 11:00:00,0.0015770425891326045
NLD,curtailment,power,2019-01-10 12:00:00,0.001472952649489212
NLD,curtailment,power,2019-01-10 13:00:00,0.0015265702125784042
NLD,curtailment,power,2019-01-10 14:00:00,0.0020703689069607734
NLD,curtailment,power,2019-01-10 15:00:00,0.003067119421833908
NLD,curtailment,power,2019-01-10 16:00:00,0.003991906797989664
NLD,curtailment,power,2019-01-10 17:00:00,0.002582872804263392
NLD,curtailment,power,2019-01-10 18:00:00,0.0019925111321319466
NLD,curtailment,power,2019-01-10 19:00:00,0.001407283261630532
NLD,curtailment,power,2019-01-10 20:00:00,0.0010229122188909479
NLD,curtailment,power,2019-01-10 21:00:00,0.0008320457109213253
NLD,curtailment,power,2019-01-10 22:00:00,0.000774387422079581
NLD,curtailment,power,2019-01-10 23:00:00,0.0007387216927379203
NLD,curtailment,power,2019-01-11 00:00:00,0.0007206455354813457
NLD,curtailment,power,2019-01-11 01:00:00,0.0007149286743540761
NLD,curtailment,power,2019-01-11 02:00:00,0.0007059931323598612
NLD,curtailment,power,2019-01-11 03:00:00,0.0006937913194763334
NLD,curtailment,power,2019-01-11 04:00:00,0.0006984462225501087
NLD,curtailment,power,2019-01-11 05:00:00,0.0007204114537611161
NLD,curtailment,power,2019-01-11 06:00:00,0.0008665143064148229
NLD,curtailment,power,2019-01-11 07:00:00,0.0011655776208370217
NLD,curtailment,power,2019-01-11 08:00:00,0.00101400448746225
NLD,curtailment,power,2019-01-11 09:00:00,0.0008913029482540136
NLD,curtailment,power,2019-01-11 10:00:00,0.0008668499453872158
NLD,curtailment,power,2019-01-11 11:00:00,0.0007806812003602337
NLD,curtailment,power,2019-01-11 12:00:00,0.0007435153778688752
NLD,curtailment,power,2019-01-11 13:00:00,0.0007230473642112489
NLD,curtailment,power,2019-01-11 14:00:00,0.0007524715684557037
NLD,curtailment,power,2019-01-11 15:00:00,0.0007698085150457112
NLD,curtailment,power,2019-01-11 16:00:00,0.0008493548393750938
NLD,curtailment,power,2019-01-11 17:00:00,0.000774796118867549
NLD,curtailment,power,2019-01-11 18:00:00,0.0007496738006408377
NLD,curtailment,power,2019-01-11 19:00:00,0.0007254437511445833
NLD,curtailment,power,2019-01-11 20:00:00,0.0007121814732804488
NLD,curtailment,power,2019-01-11 21:00:00,0.0007011328245012383
NLD,curtailment,power,2019-01-11 22:00:00,0.0006969627916485477
NLD,curtailment,power,2019-01-11 23:00:00,0.0006940431950327453
NLD,curtailment,power,2019-01-12 00:00:00,0.0006887651507195836
NLD,curtailment,power,2019-01-12 01:00:00,0.0006833986208448772
NLD,curtailment,power,2019-01-12 02:00:00,0.0006788104637013292
NLD,curtailment,power,2019-01-12 03:00:00,0.0006777397519404094
NLD,curtailment,power,2019-01-12 04:00:00,0.0006749679605784209
NLD,curtailment,power,2019-01-12 05:00:00,0.000674990066650949
NLD,curtailment,power,2019-01-12 06:00:00,0.0006755969721240485
NLD,curtailment,power,2019-01-12 07:00:00,0.0006775455062857372
NLD,curtailment,power,2019-01-12 08:00:00,0.0006772139904654972
NLD,curtailment,power,2019-01-12 09:00:00,0.0006818213793309269
NLD,curtailment,power,2019-01-12 10:00:00,0.0006854107747295002
NLD,curtailment,power,2019-01-12 11:00:00,0.000687109309060685
NLD,curtailment,power,2019-01-12 12:00:00,0.0006831644864212505
NLD,curtailment,power,2019-01-12 13:00:00,0.0006804120217304144
NLD,curtailment,power,2019-01-12 14:00:00,0.0006784493519250701
NLD,curtailment,power,2019-01-12 15:00:00,0.0006858563655453009
NLD,curtailment,power,2019-01-12 16:00:00,0.0007011282415766429
NLD,curtailment,power,2019-01-12 17:00:00,0.0006889440434739713
NLD,curtailment,power,2019-01-12 18:00:00,0.0006833999419346704
NLD,curtailment,power,2019-01-12 19:00:00,0.0006807815487603897
NLD,curtailment,power,2019-01-12 20:00:00,0.0006768529134092427
NLD,curtailment,power,2019-01-12 21:00:00,0.0006777320031863265
NLD,curtailment,power,2019-01-12 22:00:00,0.0006794690991470675
NLD,curtailment,power,2019-01-12 23:00:00,0.0006801163449069447
NLD,curtailment,power,2019-01-13 00:00:00,0.0006776369447969444
NLD,curtailment,power,2019-01-13 01:00:00,0.0006761421789256428
NLD,curtailment,power,2019-01-13 02:00:00,0.0006719584738217321
NLD,curtailment,power,2019-01-13 03:00:00,0.000668342537839095
NLD,curtailment,power,2019-01-13 04:00:00,0.0006669422584469897
NLD,curtailment,power,2019-01-13 05:00:00,0.0006662162912410841
NLD,curtailment,power,2019-01-13 06:00:00,0.0006664121768642506
NLD,curtailment,power,2019-01-13 07:00:00,0.0006682644409297112
NLD,curtailment,power,2019-01-13 08:00:00,0.0006683193288262723
NLD,curtailment,power,2019-01-13 09:00:00,0.0006673366712647288
NLD,curtailment,power,2019-01-13 10:00:00,0.0006669219106935076
NLD,curtailment,power,2019-01-13 11:00:00,0.0006670010989145991
NLD,curtailment,power,2019-01-13 12:00:00,0.0006661796946085818
NLD,curtailment,power,2019-01-13 13:00:00,0.0006654526503063751
NLD,curtailment,power,2019-01-13 14:00:00,0.000665468458554419
NLD,curtailment,power,2019-01-13 15:00:00,0.0006661409628809789
NLD,curtailment,power,2019-01-13 16:00:00,0.00067009248827965
NLD,curtailment,power,2019-01-13 17:00:00,0.0006695141533363813
NLD,curtailment,power,2019-01-13 18:00:00,0.0006681636251331113
NLD,curtailment,power,2019-01-13 19:00:00,0.0006666320810249093
NLD,curtailment,power,2019-01-13 20:00:00,0.0006652002633683596
NLD,curtailment,power,2019-01-13 21:00:00,0.0006639829924971474
NLD,curtailment,power,2019-01-13 22:00:00,0.0006622230752164615
NLD,curtailment,power,2019-01-13 23:00:00,0.0006625438439273879
NLD,curtailment,power,2019-01-14 00:00:00,0.0006640715327755897
NLD,curtailment,power,2019-01-14 01:00:00,0.0006664452573115209
NLD,curtailment,power,2019-01-14 02:00:00,0.0006699144003573521
NLD,curtailment,power,2019-01-14 03:00:00,0.0006723133933739245
NLD,curtailment,power,2019-01-14 04:00:00,0.0006769231811784016
NLD,curtailment,power,2019-01-14 05:00:00,0.0006971873006942353
NLD,curtailment,power,2019-01-14 06:00:00,0.0007436928074999738
NLD,curtailment,power,2019-01-14 07:00:00,0.0008367468900065678
NLD,curtailment,power,2019-01-14 08:00:00,0.0007849784175030239
NLD,curtailment,power,2019-01-14 09:00:00,0.0007093360514741631
NLD,curtailment,power,2019-01-14 10:00:00,0.0006681995568911248
NLD,curtailment,power,2019-01-14 11:00:00,0.0006615752659383523
NLD,curtailment,power,2019-01-14 12:00:00,0.0006628850474896808
NLD,curtailment,power,2019-01-14 13:00:00,0.0006689696599355699
NLD,curtailment,power,2019-01-14 14:00:00,0.0007026555939624313
NLD,curtailment,power,2019-01-14 15:00:00,0.0008014413695799361
NLD,curtailment,power,2019-01-14 16:00:00,0.0009698469269188159
NLD,curtailment,power,2019-01-14 17:00:00,0.0009401558300747848
NLD,curtailment,power,2019-01-14 18:00:00,0.0009928501322969963
NLD,curtailment,power,2019-01-14 19:00:00,0.0009123449346778445
NLD,curtailment,power,2019-01-14 20:00:00,0.0008188257547890876
NLD,curtailment,power,2019-01-14 21:00:00,0.0007528443636544147
NLD,curtailment,power,2019-01-14 22:00:00,0.0007172553035251772
NLD,curtailment,power,2019-01-14 23:00:00,0.0007045102829228433
NLD,curtailment,power,2019-01-15 00:00:00,0.0006857871555590034
NLD,curtailment,power,2019-01-15 01:00:00,0.0006801428503520057
NLD,curtailment,power,2019-01-15 02:00:00,0.0006773295206478069
NLD,curtailment,power,2019-01-15 03:00:00,0.000673987274393606
NLD,curtailment,power,2019-01-15 04:00:00,0.0006764289803962154
NLD,curtailment,power,2019-01-15 05:00:00,0.0006876609386063937
NLD,curtailment,power,2019-01-15 06:00:00,0.0007228941881519679
NLD,curtailment,power,2019-01-15 07:00:00,0.0008071817972815643
NLD,curtailment,power,2019-01-15 08:00:00,0.0007702668399506285
NLD,curtailment,power,2019-01-15 09:00:00,0.0007231179295512646
NLD,curtailment,power,2019-01-15 10:00:00,0.0006893866010523331
NLD,curtailment,power,2019-01-15 11:00:00,0.0006739278344300992
NLD,curtailment,power,2019-01-15 12:00:00,0.0006808194137247758
NLD,curtailment,power,2019-01-15 13:00:00,0.000697435250860079
NLD,curtailment,power,2019-01-15 14:00:00,0.0007178114410915093
NLD,curtailment,power,2019-01-15 15:00:00,0.0007311245682619649
NLD,curtailment,power,2019-01-15 16:00:00,0.0007931722173920575
NLD,curtailment,power,2019-01-15 17:00:00,0.0007366197426037502
NLD,curtailment,power,2019-01-15 18:00:00,0.0007248954094157822
NLD,curtailment,power,2019-01-15 19:00:00,0.0007180783475158048
NLD,curtailment,power,2019-01-15 20:00:00,0.000704732477533998
NLD,curtailment,power,2019-01-15 21:00:00,0.0006874584928585614
NLD,curtailment,power,2019-01-15 22:00:00,0.0006776130578892703
NLD,curtailment,power,2019-01-15 23:00:00,0.0006711884507653032
NLD,curtailment,power,2019-01-16 00:00:00,0.0006684515274039127
NLD,curtailment,power,2019-01-16 01:00:00,0.0006673052192933682
NLD,curtailment,power,2019-01-16 02:00:00,0.0006664129331492852
NLD,curtailment,power,2019-01-16 03:00:00,0.0006673148876565893
NLD,curtailment,power,2019-01-16 04:00:00,0.0006690063256299394
NLD,curtailment,power,2019-01-16 05:00:00,0.0006778729372773906
NLD,curtailment,power,2019-01-16 06:00:00,0.0007144197856145951
NLD,curtailment,power,2019-01-16 07:00:00,0.0007392009723150572
NLD,curtailment,power,2019-01-16 08:00:00,0.0007236776336999595
NLD,curtailment,power,2019-01-16 09:00:00,0.0007108268081522651
NLD,curtailment,power,2019-01-16 10:00:00,0.0007034696404822904
NLD,curtailment,power,2019-01-16 11:00:00,0.0006884784127593191
NLD,curtailment,power,2019-01-16 12:00:00,0.0006917073297242338
NLD,curtailment,power,2019-01-16 13:00:00,0.0007002750101632316
NLD,curtailment,power,2019-01-16 14:00:00,0.0007073137168738253
NLD,curtailment,power,2019-01-16 15:00:00,0.0007104026184600043
NLD,curtailment,power,2019-01-16 16:00:00,0.0007288211129862221
NLD,curtailment,power,2019-01-16 17:00:00,0.0007049768172270321
NLD,curtailment,power,2019-01-16 18:00:00,0.000693433872120397
NLD,curtailment,power,2019-01-16 19:00:00,0.0006873432935436963
NLD,curtailment,power,2019-01-16 20:00:00,0.0006943490620932025
NLD,curtailment,power,2019-01-16 21:00:00,0.0007038552108619145
NLD,curtailment,power,2019-01-16 22:00:00,0.0007072102422085447
NLD,curtailment,power,2019-01-16 23:00:00,0.0006934488028652597
NLD,curtailment,power,2019-01-17 00:00:00,0.0006847725870496868
NLD,curtailment,power,2019-01-17 01:00:00,0.0006790031553095544
NLD,curtailment,power,2019-01-17 02:00:00,0.0006741332771722508
NLD,curtailment,power,2019-01-17 03:00:00,0.0006719828818727569
NLD,curtailment,power,2019-01-17 04:00:00,0.0006736527049722163
NLD,curtailment,power,2019-01-17 05:00:00,0.000686777415317974
NLD,curtailment,power,2019-01-17 06:00:00,0.0007302988245756481
NLD,curtailment,power,2019-01-17 07:00:00,0.0008505670586852476
NLD,curtailment,power,2019-01-17 08:00:00,0.0008873002638924987
NLD,curtailment,power,2019-01-17 09:00:00,0.000817530000630784
NLD,curtailment,power,2019-01-17 10:00:00,0.000724652396167369
NLD,curtailment,power,2019-01-17 11:00:00,0.0006892979090168394
NLD,curtailment,power,2019-01-17 12:00:00,0.0006851667639944381
NLD,curtailment,power,2019-01-17 13:00:00,0.0006903589679838618
NLD,curtailment,power,2019-01-17 14:00:00,0.0007199292919495281
NLD,curtailment,power,2019-01-17 15:00:00,0.0007657475749542897
NLD,curtailment,power,2019-01-17 16:00:00,0.0008129018763780582
NLD,curtailment,power,2019-01-17 17:00:00,0.0007499202260333737
NLD,curtailment,power,2019-01-17 18:00:00,0.0007423905352377247
NLD,curtailment,power,2019-01-17 19:00:00,0.0007138747260555522
NLD,curtailment,power,2019-01-17 20:00:00,0.0006997299962188119
NLD,curtailment,power,2019-01-17 21:00:00,0.0006921944473209374
NLD,curtailment,power,2019-01-17 22:00:00,0.0006944756525547602
NLD,curtailment,power,2019-01-17 23:00:00,0.0007049641197308665
NLD,curtailment,power,2019-01-18 00:00:00,0.0007180766929927307
NLD,curtailment,power,2019-01-18 01:00:00,0.0007343556874898072
NLD,curtailment,power,2019-01-18 02:00:00,0.0007651425121796285
NLD,curtailment,power,2019-01-18 03:00:00,0.0007936515083183382
NLD,curtailment,power,2019-01-18 04:00:00,0.000832860839821814
NLD,curtailment,power,2019-01-18 05:00:00,0.0010511699350495007
NLD,curtailment,power,2019-01-18 06:00:00,0.0019548177985555526
NLD,curtailment,power,2019-01-18 07:00:00,0.002911618440364805
NLD,curtailment,power,2019-01-18 08:00:00,0.000924617737567468
NLD,curtailment,power,2019-01-18 09:00:00,0.0007215827233868488
NLD,curtailment,power,2019-01-18 10:00:00,0.0006920738587939956
NLD,curtailment,power,2019-01-18 11:00:00,0.0006807233296516335
NLD,curtailment,power,2019-01-18 12:00:00,0.0006877984670722315
NLD,curtailment,power,2019-01-18 13:00:00,0.0007226899103576212
NLD,curtailment,power,2019-01-18 14:00:00,0.0010055633427110688
NLD,curtailment,power,2019-01-18 15:00:00,0.001739921347030382
NLD,curtailment,power,2019-01-18 16:00:00,0.002293931995673404
NLD,curtailment,power,2019-01-18 17:00:00,0.001664898769754064
NLD,curtailment,power,2019-01-18 18:00:00,0.001362738163959376
NLD,curtailment,power,2019-01-18 19:00:00,0.0010879853414653695
NLD,curtailment,power,2019-01-18 20:00:00,0.000896676952346187
NLD,curtailment,power,2019-01-18 21:00:00,0.0007923061032678591
NLD,curtailment,power,2019-01-18 22:00:00,0.000753110979077154
NLD,curtailment,power,2019-01-18 23:00:00,0.000735108165517584
NLD,curtailment,power,2019-01-19 00:00:00,0.0007225128483534515
NLD,curtailment,power,2019-01-19 01:00:00,0.0007153220103743863
NLD,curtailment,power,2019-01-19 02:00:00,0.0007134071389162111
NLD,curtailment,power,2019-01-19 03:00:00,0.0007108750902202754
NLD,curtailment,power,2019-01-19 04:00:00,0.0007126811822752988
NLD,curtailment,power,2019-01-19 05:00:00,0.0007182261341833751
NLD,curtailment,power,2019-01-19 06:00:00,0.0007418764266627909
NLD,curtailment,power,2019-01-19 07:00:00,0.0008545628126443994
NLD,curtailment,power,2019-01-19 08:00:00,0.0007415944020243703
NLD,curtailment,power,2019-01-19 09:00:00,0.0006783031949920693
NLD,curtailment,power,2019-01-19 10:00:00,0.000664427594053052
NLD,curtailment,power,2019-01-19 11:00:00,0.000661166361410781
NLD,curtailment,power,2019-01-19 12:00:00,0.0006610140785489049
NLD,curtailment,power,2019-01-19 13:00:00,0.0006661117440761588
NLD,curtailment,power,2019-01-19 14:00:00,0.0006938820488364694
NLD,curtailment,power,2019-01-19 15:00:00,0.0008007532781252324
NLD,curtailment,power,2019-01-19 16:00:00,0.0009057045170038913
NLD,curtailment,power,2019-01-19 17:00:00,0.0008294479389339138
NLD,curtailment,power,2019-01-19 18:00:00,0.0007997679487700138
NLD,curtailment,power,2019-01-19 19:00:00,0.0007722188819161424
NLD,curtailment,power,2019-01-19 20:00:00,0.0007475728755638178
NLD,curtailment,power,2019-01-19 21:00:00,0.000737703747936691
NLD,curtailment,power,2019-01-19 22:00:00,0.0007284073237521227
NLD,curtailment,power,2019-01-19 23:00:00,0.0007276136788070264
NLD,curtailment,power,2019-01-20 00:00:00,0.0007227707943920914
NLD,curtailment,power,2019-01-20 01:00:00,0.0007201303466741749
NLD,curtailment,power,2019-01-20 02:00:00,0.0007195581388118599
NLD,curtailment,power,2019-01-20 03:00:00,0.0007206487192638056
NLD,curtailment,power,2019-01-20 04:00:00,0.0007248531371499833
NLD,curtailment,power,2019-01-20 05:00:00,0.0007328264295781706
NLD,curtailment,power,2019-01-20 06:00:00,0.0007606446016090729
NLD,curtailment,power,2019-01-20 07:00:00,0.0009015977334585479
NLD,curtailment,power,2019-01-20 08:00:00,0.0006792245441893385
NLD,curtailment,power,2019-01-20 09:00:00,0.0006615627943373781
NLD,curtailment,power,2019-01-20 10:00:00,0.00059132136306006
NLD,curtailment,power,2019-01-20 11:00:00,0.0006784929031140585
NLD,curtailment,power,2019-01-20 12:00:00,0.0006201250110974277
NLD,curtailment,power,2019-01-20 13:00:00,0.0006637293835599634
NLD,curtailment,power,2019-01-20 14:00:00,0.0006827035011703897
NLD,curtailment,power,2019-01-20 15:00:00,0.0009728889226583437
NLD,curtailment,power,2019-01-20 16:00:00,0.0016408409215000752
NLD,curtailment,power,2019-01-20 17:00:00,0.0016042603600527894
NLD,curtailment,power,2019-01-20 18:00:00,0.0014302831427959184
NLD,curtailment,power,2019-01-20 19:00:00,0.0012701621161417265
NLD,curtailment,power,2019-01-20 20:00:00,0.0010939615076972498
NLD,curtailment,power,2019-01-20 21:00:00,0.0009615389630762694
NLD,curtailment,power,2019-01-20 22:00:00,0.0008440917057279673
NLD,curtailment,power,2019-01-20 23:00:00,0.0008112585803666805
NLD,curtailment,power,2019-01-21 00:00:00,0.0007922367272940045
NLD,curtailment,power,2019-01-21 01:00:00,0.0007790419548974192
NLD,curtailment,power,2019-01-21 02:00:00,0.000778169370959092
NLD,curtailment,power,2019-01-21 03:00:00,0.0007778917144278807
NLD,curtailment,power,2019-01-21 04:00:00,0.0008107067215950003
NLD,curtailment,power,2019-01-21 05:00:00,0.0010432992391049556
NLD,curtailment,power,2019-01-21 06:00:00,0.0021292612638648123
NLD,curtailment,power,2019-01-21 07:00:00,0.0036293908258899776
NLD,curtailment,power,2019-01-21 08:00:00,0.0007599277319899622
NLD,curtailment,power,2019-01-21 09:00:00,0.0006787080168083603
NLD,curtailment,power,2019-01-21 10:00:00,0.000669997065211092
NLD,curtailment,power,2019-01-21 11:00:00,0.0006677764326746827
NLD,curtailment,power,2019-01-21 12:00:00,0.000672299536823795
NLD,curtailment,power,2019-01-21 13:00:00,0.0006974425230817927
NLD,curtailment,power,2019-01-21 14:00:00,0.0008634454234816014
NLD,curtailment,power,2019-01-21 15:00:00,0.002167144881896288
NLD,curtailment,power,2019-01-21 16:00:00,0.0036093760668660657
NLD,curtailment,power,2019-01-21 17:00:00,0.002529176493038854
NLD,curtailment,power,2019-01-21 18:00:00,0.0017601914478622138
NLD,curtailment,power,2019-01-21 19:00:00,0.0012198094983582042
NLD,curtailment,power,2019-01-21 20:00:00,0.0009123869450445854
NLD,curtailment,power,2019-01-21 21:00:00,0.0007674191740142389
NLD,curtailment,power,2019-01-21 22:00:00,0.0007200915989545864
NLD,curtailment,power,2019-01-21 23:00:00,0.0007067105657974082
NLD,curtailment,power,2019-01-22 00:00:00,0.0006987588142132184
NLD,curtailment,power,2019-01-22 01:00:00,0.0006940248235689506
NLD,curtailment,power,2019-01-22 02:00:00,0.0006918468586025739
NLD,curtailment,power,2019-01-22 03:00:00,0.0006904231957299833
NLD,curtailment,power,2019-01-22 04:00:00,0.0006912510136808381
NLD,curtailment,power,2019-01-22 05:00:00,0.0007103529978463863
NLD,curtailment,power,2019-01-22 06:00:00,0.0007700963256292992
NLD,curtailment,power,2019-01-22 07:00:00,0.0008516625959545943
NLD,curtailment,power,2019-01-22 08:00:00,0.0007697070886637514
NLD,curtailment,power,2019-01-22 09:00:00,0.0007339526998508816
NLD,curtailment,power,2019-01-22 10:00:00,0.0007144688645080999
NLD,curtailment,power,2019-01-22 11:00:00,0.0007216055254037901
NLD,curtailment,power,2019-01-22 12:00:00,0.0007839635874270501
NLD,curtailment,power,2019-01-22 13:00:00,0.0009222860368716113
NLD,curtailment,power,2019-01-22 14:00:00,0.001121018950660968
NLD,curtailment,power,2019-01-22 15:00:00,0.0013242715423626983
NLD,curtailment,power,2019-01-22 16:00:00,0.0018068001166471337
NLD,curtailment,power,2019-01-22 17:00:00,0.0014555274157308506
NLD,curtailment,power,2019-01-22 18:00:00,0.00123107010718293
NLD,curtailment,power,2019-01-22 19:00:00,0.0010341368929023265
NLD,curtailment,power,2019-01-22 20:00:00,0.0009019874639054626
NLD,curtailment,power,2019-01-22 21:00:00,0.0008013115928915404
NLD,curtailment,power,2019-01-22 22:00:00,0.0007596213168039601
NLD,curtailment,power,2019-01-22 23:00:00,0.0007459249333475748
NLD,curtailment,power,2019-01-23 00:00:00,0.0007391379954887478
NLD,curtailment,power,2019-01-23 01:00:00,0.0007329817534209582
NLD,curtailment,power,2019-01-23 02:00:00,0.0007305479418495686
NLD,curtailment,power,2019-01-23 03:00:00,0.0007342591584583724
NLD,curtailment,power,2019-01-23 04:00:00,0.0007575752563778737
NLD,curtailment,power,2019-01-23 05:00:00,0.0009143710058288068
NLD,curtailment,power,2019-01-23 06:00:00,0.0019003206918355442
NLD,curtailment,power,2019-01-23 07:00:00,0.0034297097211815064
NLD,curtailment,power,2019-01-23 08:00:00,0.0024296153240142004
NLD,curtailment,power,2019-01-23 09:00:00,0.0012744593751239375
NLD,curtailment,power,2019-01-23 10:00:00,0.0008017007296822198
NLD,curtailment,power,2019-01-23 11:00:00,0.0007089016249868241
NLD,curtailment,power,2019-01-23 12:00:00,0.0007451354481724515
NLD,curtailment,power,2019-01-23 13:00:00,0.0009016907109045125
NLD,curtailment,power,2019-01-23 14:00:00,0.0015366858798870897
NLD,curtailment,power,2019-01-23 15:00:00,0.00319854845011891
NLD,curtailment,power,2019-01-23 16:00:00,0.004559499127308797
NLD,curtailment,power,2019-01-23 17:00:00,0.0032353254011954213
NLD,curtailment,power,2019-01-23 18:00:00,0.002473685974786033
NLD,curtailment,power,2019-01-23 19:00:00,0.0018371075536576242
NLD,curtailment,power,2019-01-23 20:00:00,0.001443189972030634
NLD,curtailment,power,2019-01-23 21:00:00,0.0011165183664676448
NLD,curtailment,power,2019-01-23 22:00:00,0.0009483631732541964
NLD,curtailment,power,2019-01-23 23:00:00,0.0008663957617037754
NLD,curtailment,power,2019-01-24 00:00:00,0.0008329603550977227
NLD,curtailment,power,2019-01-24 01:00:00,0.0008059546647568583
NLD,curtailment,power,2019-01-24 02:00:00,0.0007971603573169173
NLD,curtailment,power,2019-01-24 03:00:00,0.0008055122295984596
NLD,curtailment,power,2019-01-24 04:00:00,0.000858504609847377
NLD,curtailment,power,2019-01-24 05:00:00,0.0011439130223735994
NLD,curtailment,power,2019-01-24 06:00:00,0.0025355324226623566
NLD,curtailment,power,2019-01-24 07:00:00,0.004214925750171794
NLD,curtailment,power,2019-01-24 08:00:00,0.0019572552885445127
NLD,curtailment,power,2019-01-24 09:00:00,0.000869566879765804
NLD,curtailment,power,2019-01-24 10:00:00,0.0007145212766970221
NLD,curtailment,power,2019-01-24 11:00:00,0.000702364950420864
NLD,curtailment,power,2019-01-24 12:00:00,0.0007064524631036351
NLD,curtailment,power,2019-01-24 13:00:00,0.0007720154123691536
NLD,curtailment,power,2019-01-24 14:00:00,0.001286778774883146
NLD,curtailment,power,2019-01-24 15:00:00,0.004314407904216999
NLD,curtailment,power,2019-01-24 16:00:00,0.00730990360931294
NLD,curtailment,power,2019-01-24 17:00:00,0.005207153969651657
NLD,curtailment,power,2019-01-24 18:00:00,0.003433357630798106
NLD,curtailment,power,2019-01-24 19:00:00,0.0021952297537821686
NLD,curtailment,power,2019-01-24 20:00:00,0.0014519178281868772
NLD,curtailment,power,2019-01-24 21:00:00,0.0011033730055804991
NLD,curtailment,power,2019-01-24 22:00:00,0.0009322713895576484
NLD,curtailment,power,2019-01-24 23:00:00,0.0008691226543194874
NLD,curtailment,power,2019-01-25 00:00:00,0.0008253071714728888
NLD,curtailment,power,2019-01-25 01:00:00,0.0008104930673628052
NLD,curtailment,power,2019-01-25 02:00:00,0.0008016373386675602
NLD,curtailment,power,2019-01-25 03:00:00,0.0008072944381257718
NLD,curtailment,power,2019-01-25 04:00:00,0.000843100189630408
NLD,curtailment,power,2019-01-25 05:00:00,0.0010461876722598351
NLD,curtailment,power,2019-01-25 06:00:00,0.001932428480127646
NLD,curtailment,power,2019-01-25 07:00:00,0.002861959523194013
NLD,curtailment,power,2019-01-25 08:00:00,0.0015328305874715564
NLD,curtailment,power,2019-01-25 09:00:00,0.0013481634732592784
NLD,curtailment,power,2019-01-25 10:00:00,0.0011277686234378859
NLD,curtailment,power,2019-01-25 11:00:00,0.0008240041011836619
NLD,curtailment,power,2019-01-25 12:00:00,0.0007627550357491852
NLD,curtailment,power,2019-01-25 13:00:00,0.0008135689964530179
NLD,curtailment,power,2019-01-25 14:00:00,0.0008709094291928787
NLD,curtailment,power,2019-01-25 15:00:00,0.0009194021275542585
NLD,curtailment,power,2019-01-25 16:00:00,0.001091752654857947
NLD,curtailment,power,2019-01-25 17:00:00,0.0009110827147505995
NLD,curtailment,power,2019-01-25 18:00:00,0.0007706722959984758
NLD,curtailment,power,2019-01-25 19:00:00,0.0007284860466832965
NLD,curtailment,power,2019-01-25 20:00:00,0.000709963841174277
NLD,curtailment,power,2019-01-25 21:00:00,0.0006945632283386072
NLD,curtailment,power,2019-01-25 22:00:00,0.000681449056497252
NLD,curtailment,power,2019-01-25 23:00:00,0.0006763091500214813
NLD,curtailment,power,2019-01-26 00:00:00,0.0006708974272953139
NLD,curtailment,power,2019-01-26 01:00:00,0.0006679392162860509
NLD,curtailment,power,2019-01-26 02:00:00,0.0006671306983856429
NLD,curtailment,power,2019-01-26 03:00:00,0.0006677929963834206
NLD,curtailment,power,2019-01-26 04:00:00,0.0006681294409658367
NLD,curtailment,power,2019-01-26 05:00:00,0.0006703235270516528
NLD,curtailment,power,2019-01-26 06:00:00,0.0006752471578449493
NLD,curtailment,power,2019-01-26 07:00:00,0.0006880337103162271
NLD,curtailment,power,2019-01-26 08:00:00,0.0007080680361883918
NLD,curtailment,power,2019-01-26 09:00:00,0.0007157816115531679
NLD,curtailment,power,2019-01-26 10:00:00,0.0007044667613496092
NLD,curtailment,power,2019-01-26 11:00:00,0.0006923675670583718
NLD,curtailment,power,2019-01-26 12:00:00,0.0006813215276276763
NLD,curtailment,power,2019-01-26 13:00:00,0.0006826633906112933
NLD,curtailment,power,2019-01-26 14:00:00,0.0006966175901021998
NLD,curtailment,power,2019-01-26 15:00:00,0.0007174459339598371
NLD,curtailment,power,2019-01-26 16:00:00,0.0007267401295253384
NLD,curtailment,power,2019-01-26 17:00:00,0.0006988176335714913
NLD,curtailment,power,2019-01-26 18:00:00,0.000682599021027297
NLD,curtailment,power,2019-01-26 19:00:00,0.0006731247693780862
NLD,curtailment,power,2019-01-26 20:00:00,0.0006680799048798258
NLD,curtailment,power,2019-01-26 21:00:00,0.0006659323025957065
NLD,curtailment,power,2019-01-26 22:00:00,0.0006647846197024299
NLD,curtailment,power,2019-01-26 23:00:00,0.0006639692899041982
NLD,curtailment,power,2019-01-27 00:00:00,0.0006623987546685584
NLD,curtailment,power,2019-01-27 01:00:00,0.0006619520908091037
NLD,curtailment,power,2019-01-27 02:00:00,0.0006622686962075575
NLD,curtailment,power,2019-01-27 03:00:00,0.0006639510852108899
NLD,curtailment,power,2019-01-27 04:00:00,0.0006655522349298115
NLD,curtailment,power,2019-01-27 05:00:00,0.0006691607883605455
NLD,curtailment,power,2019-01-27 06:00:00,0.0006776436110954576
NLD,curtailment,power,2019-01-27 07:00:00,0.0006942744226419162
NLD,curtailment,power,2019-01-27 08:00:00,0.0007138965112996054
NLD,curtailment,power,2019-01-27 09:00:00,0.000716855386933779
NLD,curtailment,power,2019-01-27 10:00:00,0.0007165624838840756
NLD,curtailment,power,2019-01-27 11:00:00,0.0007082640133270202
NLD,curtailment,power,2019-01-27 12:00:00,0.0007004471371933052
NLD,curtailment,power,2019-01-27 13:00:00,0.0006921377820412467
NLD,curtailment,power,2019-01-27 14:00:00,0.0006926487526859315
NLD,curtailment,power,2019-01-27 15:00:00,0.0007000702094036582
NLD,curtailment,power,2019-01-27 16:00:00,0.000713783248097899
NLD,curtailment,power,2019-01-27 17:00:00,0.0007138504369759158
NLD,curtailment,power,2019-01-27 18:00:00,0.0006981164800191619
NLD,curtailment,power,2019-01-27 19:00:00,0.0006831760371279749
NLD,curtailment,power,2019-01-27 20:00:00,0.0006749162530982344
NLD,curtailment,power,2019-01-27 21:00:00,0.0006734539287304164
NLD,curtailment,power,2019-01-27 22:00:00,0.0006694950290190294
NLD,curtailment,power,2019-01-27 23:00:00,0.0006683552623149014
NLD,curtailment,power,2019-01-28 00:00:00,0.0006675339688646531
NLD,curtailment,power,2019-01-28 01:00:00,0.0006664486353692434
NLD,curtailment,power,2019-01-28 02:00:00,0.0006656274062406542
NLD,curtailment,power,2019-01-28 03:00:00,0.0006653893009564982
NLD,curtailment,power,2019-01-28 04:00:00,0.0006656738456073397
NLD,curtailment,power,2019-01-28 05:00:00,0.0006695719490189544
NLD,curtailment,power,2019-01-28 06:00:00,0.0006863536826114958
NLD,curtailment,power,2019-01-28 07:00:00,0.0007124260384219205
NLD,curtailment,power,2019-01-28 08:00:00,0.000698186351135055
NLD,curtailment,power,2019-01-28 09:00:00,0.0006883331220419731
NLD,curtailment,power,2019-01-28 10:00:00,0.0006840487598823719
NLD,curtailment,power,2019-01-28 11:00:00,0.0006815836582461099
NLD,curtailment,power,2019-01-28 12:00:00,0.0006872260319300549
NLD,curtailment,power,2019-01-28 13:00:00,0.0006934650691988731
NLD,curtailment,power,2019-01-28 14:00:00,0.0007114444335826198
NLD,curtailment,power,2019-01-28 15:00:00,0.0007461306391420841
NLD,curtailment,power,2019-01-28 16:00:00,0.0008417534262010751
NLD,curtailment,power,2019-01-28 17:00:00,0.0008189560008173835
NLD,curtailment,power,2019-01-28 18:00:00,0.0008080451335167327
NLD,curtailment,power,2019-01-28 19:00:00,0.0007806067376878723
NLD,curtailment,power,2019-01-28 20:00:00,0.0007407272470818516
NLD,curtailment,power,2019-01-28 21:00:00,0.0007264300416520708
NLD,curtailment,power,2019-01-28 22:00:00,0.0007143167305332376
NLD,curtailment,power,2019-01-28 23:00:00,0.0007122708018409973
NLD,curtailment,power,2019-01-29 00:00:00,0.0007115340095684708
NLD,curtailment,power,2019-01-29 01:00:00,0.0007136372178924155
NLD,curtailment,power,2019-01-29 02:00:00,0.0007167515782021683
NLD,curtailment,power,2019-01-29 03:00:00,0.0007170766154197539
NLD,curtailment,power,2019-01-29 04:00:00,0.0007169834727112079
NLD,curtailment,power,2019-01-29 05:00:00,0.0007455421225398551
NLD,curtailment,power,2019-01-29 06:00:00,0.0009410802007072672
NLD,curtailment,power,2019-01-29 07:00:00,0.0011687846525596512
NLD,curtailment,power,2019-01-29 08:00:00,0.0008970380321400295
NLD,curtailment,power,2019-01-29 09:00:00,0.0007077189752359159
NLD,curtailment,power,2019-01-29 10:00:00,0.0006656871119553598
NLD,curtailment,power,2019-01-29 11:00:00,0.0006462621323246598
NLD,curtailment,power,2019-01-29 12:00:00,0.0006607471279966859
NLD,curtailment,power,2019-01-29 13:00:00,0.000668376960162087
NLD,curtailment,power,2019-01-29 14:00:00,0.0007521704557145181
NLD,curtailment,power,2019-01-29 15:00:00,0.0011619678856056304
NLD,curtailment,power,2019-01-29 16:00:00,0.001456836512562898
NLD,curtailment,power,2019-01-29 17:00:00,0.0011791076352427599
NLD,curtailment,power,2019-01-29 18:00:00,0.001031997206205837
NLD,curtailment,power,2019-01-29 19:00:00,0.0009179550499522904
NLD,curtailment,power,2019-01-29 20:00:00,0.0008305362890297374
NLD,curtailment,power,2019-01-29 21:00:00,0.0007634102828000255
NLD,curtailment,power,2019-01-29 22:00:00,0.0007330644796798014
NLD,curtailment,power,2019-01-29 23:00:00,0.0007228244257663219
NLD,curtailment,power,2019-01-30 00:00:00,0.0007201103193074099
NLD,curtailment,power,2019-01-30 01:00:00,0.0007184554494997775
NLD,curtailment,power,2019-01-30 02:00:00,0.0007202527959657701
NLD,curtailment,power,2019-01-30 03:00:00,0.0007233326627565928
NLD,curtailment,power,2019-01-30 04:00:00,0.0007429686349080811
NLD,curtailment,power,2019-01-30 05:00:00,0.0008739526796623931
NLD,curtailment,power,2019-01-30 06:00:00,0.0016820496797775863
NLD,curtailment,power,2019-01-30 07:00:00,0.0030784137641184373
NLD,curtailment,power,2019-01-30 08:00:00,0.0033459909005992827
NLD,curtailment,power,2019-01-30 09:00:00,0.0025562226427844337
NLD,curtailment,power,2019-01-30 10:00:00,0.0019228243954541036
NLD,curtailment,power,2019-01-30 11:00:00,0.0015436596315760998
NLD,curtailment,power,2019-01-30 12:00:00,0.0017605812755365768
NLD,curtailment,power,2019-01-30 13:00:00,0.0021876134234397604
NLD,curtailment,power,2019-01-30 14:00:00,0.0030082858040034743
NLD,curtailment,power,2019-01-30 15:00:00,0.004101409605651085
NLD,curtailment,power,2019-01-30 16:00:00,0.005716783823734417
NLD,curtailment,power,2019-01-30 17:00:00,0.0037830991431926364
NLD,curtailment,power,2019-01-30 18:00:00,0.0026331018291596564
NLD,curtailment,power,2019-01-30 19:00:00,0.0017061587940045975
NLD,curtailment,power,2019-01-30 20:00:00,0.0011991594915961024
NLD,curtailment,power,2019-01-30 21:00:00,0.0009337965174333052
NLD,curtailment,power,2019-01-30 22:00:00,0.0008211229878712922
NLD,curtailment,power,2019-01-30 23:00:00,0.0007814929792873127
NLD,curtailment,power,2019-01-31 00:00:00,0.0007577761329045085
NLD,curtailment,power,2019-01-31 01:00:00,0.0007429144668968934
NLD,curtailment,power,2019-01-31 02:00:00,0.0007353220976301644
NLD,curtailment,power,2019-01-31 03:00:00,0.0007289653050535083
NLD,curtailment,power,2019-01-31 04:00:00,0.000736947489014872
NLD,curtailment,power,2019-01-31 05:00:00,0.0008345008051333647
NLD,curtailment,power,2019-01-31 06:00:00,0.0013921853489917702
NLD,curtailment,power,2019-01-31 07:00:00,0.0018139550818196959
NLD,curtailment,power,2019-01-31 08:00:00,0.001120108654719898
NLD,curtailment,power,2019-01-31 09:00:00,0.0007315365764132276
NLD,curtailment,power,2019-01-31 10:00:00,0.0006795850997063368
NLD,curtailment,power,2019-01-31 11:00:00,0.0006719881100688552
NLD,curtailment,power,2019-01-31 12:00:00,0.0006717734826572341
NLD,curtailment,power,2019-01-31 13:00:00,0.0006797648197183204
NLD,curtailment,power,2019-01-31 14:00:00,0.00075552383988986
NLD,curtailment,power,2019-01-31 15:00:00,0.001932600615603075
NLD,curtailment,power,2019-01-31 16:00:00,0.0033535533482234037
NLD,curtailment,power,2019-01-31 17:00:00,0.0021941858096190536
NLD,curtailment,power,2019-01-31 18:00:00,0.0014703290412636516
NLD,curtailment,power,2019-01-31 19:00:00,0.001019863965733725
NLD,curtailment,power,2019-01-31 20:00:00,0.0008258828480623981
NLD,curtailment,power,2019-01-31 21:00:00,0.0007492729577857071
NLD,curtailment,power,2019-01-31 22:00:00,0.0007182671864356394
NLD,curtailment,power,2019-01-31 23:00:00,0.0007057180920347905
NLD,demand_power,power,2019-01-01 00:00:00,11194.0
NLD,demand_power,power,2019-01-01 01:00:00,10933.0
NLD,demand_power,power,2019-01-01 02:00:00,10667.0
NLD,demand_power,power,2019-01-01 03:00:00,10413.0
NLD,demand_power,power,2019-01-01 04:00:00,10441.0
NLD,demand_power,power,2019-01-01 05:00:00,10670.0
NLD,demand_power,power,2019-01-01 06:00:00,10899.0
NLD,demand_power,power,2019-01-01 07:00:00,11161.0
NLD,demand_power,power,2019-01-01 08:00:00,11463.0
NLD,demand_power,power,2019-01-01 09:00:00,11837.0
NLD,demand_power,power,2019-01-01 10:00:00,12258.0
NLD,demand_power,power,2019-01-01 11:00:00,12493.0
NLD,demand_power,power,2019-01-01 12:00:00,12610.0
NLD,demand_power,power,2019-01-01 13:00:00,12587.0
NLD,demand_power,power,2019-01-01 14:00:00,12709.0
NLD,demand_power,power,2019-01-01 15:00:00,13077.0
NLD,demand_power,power,2019-01-01 16:00:00,14079.0
NLD,demand_power,power,2019-01-01 17:00:00,13950.0
NLD,demand_power,power,2019-01-01 18:00:00,13678.0
NLD,demand_power,power,2019-01-01 19:00:00,13311.0
NLD,demand_power,power,2019-01-01 20:00:00,12762.0
NLD,demand_power,power,2019-01-01 21:00:00,12222.0
NLD,demand_power,power,2019-01-01 22:00:00,11522.0
NLD,demand_power,power,2019-01-01 23:00:00,11056.0
NLD,demand_power,power,2019-01-02 00:00:00,10727.0
NLD,demand_power,power,2019-01-02 01:00:00,10573.0
NLD,demand_power,power,2019-01-02 02:00:00,10512.0
NLD,demand_power,power,2019-01-02 03:00:00,10607.0
NLD,demand_power,power,2019-01-02 04:00:00,11109.0
NLD,demand_power,power,2019-01-02 05:00:00,12300.0
NLD,demand_power,power,2019-01-02 06:00:00,13753.0
NLD,demand_power,power,2019-01-02 07:00:00,15030.0
NLD,demand_power,power,2019-01-02 08:00:00,15713.0
NLD,demand_power,power,2019-01-02 09:00:00,15788.0
NLD,demand_power,power,2019-01-02 10:00:00,15929.0
NLD,demand_power,power,2019-01-02 11:00:00,15857.0
NLD,demand_power,power,2019-01-02 12:00:00,15854.0
NLD,demand_power,power,2019-01-02 13:00:00,15811.0
NLD,demand_power,power,2019-01-02 14:00:00,15885.0
NLD,demand_power,power,2019-01-02 15:00:00,16286.0
NLD,demand_power,power,2019-01-02 16:00:00,17158.0
NLD,demand_power,power,2019-01-02 17:00:00,16290.0
NLD,demand_power,power,2019-01-02 18:00:00,15698.0
NLD,demand_power,power,2019-01-02 19:00:00,14985.0
NLD,demand_power,power,2019-01-02 20:00:00,14206.0
NLD,demand_power,power,2019-01-02 21:00:00,13329.0
NLD,demand_power,power,2019-01-02 22:00:00,12557.0
NLD,demand_power,power,2019-01-02 23:00:00,11983.0
NLD,demand_power,power,2019-01-03 00:00:00,11574.0
NLD,demand_power,power,2019-01-03 01:00:00,11284.0
NLD,demand_power,power,2019-01-03 02:00:00,11176.0
NLD,demand_power,power,2019-01-03 03:00:00,11245.0
NLD,demand_power,power,2019-01-03 04:00:00,11689.0
NLD,demand_power,power,2019-01-03 05:00:00,12828.0
NLD,demand_power,power,2019-01-03 06:00:00,14331.0
NLD,demand_power,power,2019-01-03 07:00:00,15617.0
NLD,demand_power,power,2019-01-03 08:00:00,16120.0
NLD,demand_power,power,2019-01-03 09:00:00,16224.0
NLD,demand_power,power,2019-01-03 10:00:00,16145.0
NLD,demand_power,power,2019-01-03 11:00:00,15843.0
NLD,demand_power,power,2019-01-03 12:00:00,15787.0
NLD,demand_power,power,2019-01-03 13:00:00,15847.0
NLD,demand_power,power,2019-01-03 14:00:00,15958.0
NLD,demand_power,power,2019-01-03 15:00:00,16306.0
NLD,demand_power,power,2019-01-03 16:00:00,17139.0
NLD,demand_power,power,2019-01-03 17:00:00,16371.0
NLD,demand_power,power,2019-01-03 18:00:00,15837.0
NLD,demand_power,power,2019-01-03 19:00:00,15202.0
NLD,demand_power,power,2019-01-03 20:00:00,14344.0
NLD,demand_power,power,2019-01-03 21:00:00,13465.0
NLD,demand_power,power,2019-01-03 22:00:00,12690.0
NLD,demand_power,power,2019-01-03 23:00:00,12089.0
NLD,demand_power,power,2019-01-04 00:00:00,11658.0
NLD,demand_power,power,2019-01-04 01:00:00,11374.0
NLD,demand_power,power,2019-01-04 02:00:00,11291.0
NLD,demand_power,power,2019-01-04 03:00:00,11372.0
NLD,demand_power,power,2019-01-04 04:00:00,11828.0
NLD,demand_power,power,2019-01-04 05:00:00,12909.0
NLD,demand_power,power,2019-01-04 06:00:00,14353.0
NLD,demand_power,power,2019-01-04 07:00:00,15617.0
NLD,demand_power,power,2019-01-04 08:00:00,16309.0
NLD,demand_power,power,2019-01-04 09:00:00,16619.0
NLD,demand_power,power,2019-01-04 10:00:00,16736.0
NLD,demand_power,power,2019-01-04 11:00:00,16713.0
NLD,demand_power,power,2019-01-04 12:00:00,16686.0
NLD,demand_power,power,2019-01-04 13:00:00,16516.0
NLD,demand_power,power,2019-01-04 14:00:00,16472.0
NLD,demand_power,power,2019-01-04 15:00:00,16732.0
NLD,demand_power,power,2019-01-04 16:00:00,17150.0
NLD,demand_power,power,2019-01-04 17:00:00,16332.0
NLD,demand_power,power,2019-01-04 18:00:00,15701.0
NLD,demand_power,power,2019-01-04 19:00:00,14975.0
NLD,demand_power,power,2019-01-04 20:00:00,14116.0
NLD,demand_power,power,2019-01-04 21:00:00,13310.0
NLD,demand_power,power,2019-01-04 22:00:00,12701.0
NLD,demand_power,power,2019-01-04 23:00:00,12123.0
NLD,demand_power,power,2019-01-05 00:00:00,11630.0
NLD,demand_power,power,2019-01-05 01:00:00,11367.0
NLD,demand_power,power,2019-01-05 02:00:00,11129.0
NLD,demand_power,power,2019-01-05 03:00:00,11076.0
NLD,demand_power,power,2019-01-05 04:00:00,11198.0
NLD,demand_power,power,2019-01-05 05:00:00,11607.0
NLD,demand_power,power,2019-01-05 06:00:00,12345.0
NLD,demand_power,power,2019-01-05 07:00:00,13267.0
NLD,demand_power,power,2019-01-05 08:00:00,14106.0
NLD,demand_power,power,2019-01-05 09:00:00,14710.0
NLD,demand_power,power,2019-01-05 10:00:00,14881.0
NLD,demand_power,power,2019-01-05 11:00:00,14872.0
NLD,demand_power,power,2019-01-05 12:00:00,14764.0
NLD,demand_power,power,2019-01-05 13:00:00,14668.0
NLD,demand_power,power,2019-01-05 14:00:00,14574.0
NLD,demand_power,power,2019-01-05 15:00:00,14800.0
NLD,demand_power,power,2019-01-05 16:00:00,15471.0
NLD,demand_power,power,2019-01-05 17:00:00,14988.0
NLD,demand_power,power,2019-01-05 18:00:00,14533.0
NLD,demand_power,power,2019-01-05 19:00:00,13959.0
NLD,demand_power,power,2019-01-05 20:00:00,13285.0
NLD,demand_power,power,2019-01-05 21:00:00,12624.0
NLD,demand_power,power,2019-01-05 22:00:00,12011.0
NLD,demand_power,power,2019-01-05 23:00:00,11610.0
NLD,demand_power,power,2019-01-06 00:00:00,11237.0
NLD,demand_power,power,2019-01-06 01:00:00,10889.0
NLD,demand_power,power,2019-01-06 02:00:00,10732.0
NLD,demand_power,power,2019-01-06 03:00:00,10690.0
NLD,demand_power,power,2019-01-06 04:00:00,10798.0
NLD,demand_power,power,2019-01-06 05:00:00,11103.0
NLD,demand_power,power,2019-01-06 06:00:00,11582.0
NLD,demand_power,power,2019-01-06 07:00:00,12196.0
NLD,demand_power,power,2019-01-06 08:00:00,12866.0
NLD,demand_power,power,2019-01-06 09:00:00,13366.0
NLD,demand_power,power,2019-01-06 10:00:00,13667.0
NLD,demand_power,power,2019-01-06 11:00:00,13897.0
NLD,demand_power,power,2019-01-06 12:00:00,13889.0
NLD,demand_power,power,2019-01-06 13:00:00,13898.0
NLD,demand_power,power,2019-01-06 14:00:00,13957.0
NLD,demand_power,power,2019-01-06 15:00:00,14327.0
NLD,demand_power,power,2019-01-06 16:00:00,15253.0
NLD,demand_power,power,2019-01-06 17:00:00,14939.0
NLD,demand_power,power,2019-01-06 18:00:00,14562.0
NLD,demand_power,power,2019-01-06 19:00:00,14042.0
NLD,demand_power,power,2019-01-06 20:00:00,13368.0
NLD,demand_power,power,2019-01-06 21:00:00,12699.0
NLD,demand_power,power,2019-01-06 22:00:00,11906.0
NLD,demand_power,power,2019-01-06 23:00:00,11492.0
NLD,demand_power,power,2019-01-07 00:00:00,11219.0
NLD,demand_power,power,2019-01-07 01:00:00,11062.0
NLD,demand_power,power,2019-01-07 02:00:00,11034.0
NLD,demand_power,power,2019-01-07 03:00:00,11165.0
NLD,demand_power,power,2019-01-07 04:00:00,11720.0
NLD,demand_power,power,2019-01-07 05:00:00,13137.0
NLD,demand_power,power,2019-01-07 06:00:00,15066.0
NLD,demand_power,power,2019-01-07 07:00:00,16392.0
NLD,demand_power,power,2019-01-07 08:00:00,16714.0
NLD,demand_power,power,2019-01-07 09:00:00,16818.0
NLD,demand_power,power,2019-01-07 10:00:00,16892.0
NLD,demand_power,power,2019-01-07 11:00:00,16730.0
NLD,demand_power,power,2019-01-07 12:00:00,16803.0
NLD,demand_power,power,2019-01-07 13:00:00,16765.0
NLD,demand_power,power,2019-01-07 14:00:00,16833.0
NLD,demand_power,power,2019-01-07 15:00:00,17127.0
NLD,demand_power,power,2019-01-07 16:00:00,17640.0
NLD,demand_power,power,2019-01-07 17:00:00,16716.0
NLD,demand_power,power,2019-01-07 18:00:00,16123.0
NLD,demand_power,power,2019-01-07 19:00:00,15325.0
NLD,demand_power,power,2019-01-07 20:00:00,14473.0
NLD,demand_power,power,2019-01-07 21:00:00,13462.0
NLD,demand_power,power,2019-01-07 22:00:00,12619.0
NLD,demand_power,power,2019-01-07 23:00:00,12004.0
NLD,demand_power,power,2019-01-08 00:00:00,11609.0
NLD,demand_power,power,2019-01-08 01:00:00,11335.0
NLD,demand_power,power,2019-01-08 02:00:00,11225.0
NLD,demand_power,power,2019-01-08 03:00:00,11336.0
NLD,demand_power,power,2019-01-08 04:00:00,11867.0
NLD,demand_power,power,2019-01-08 05:00:00,13247.0
NLD,demand_power,power,2019-01-08 06:00:00,15294.0
NLD,demand_power,power,2019-01-08 07:00:00,16501.0
NLD,demand_power,power,2019-01-08 08:00:00,16764.0
NLD,demand_power,power,2019-01-08 09:00:00,16840.0
NLD,demand_power,power,2019-01-08 10:00:00,16688.0
NLD,demand_power,power,2019-01-08 11:00:00,16401.0
NLD,demand_power,power,2019-01-08 12:00:00,16447.0
NLD,demand_power,power,2019-01-08 13:00:00,16445.0
NLD,demand_power,power,2019-01-08 14:00:00,16559.0
NLD,demand_power,power,2019-01-08 15:00:00,16860.0
NLD,demand_power,power,2019-01-08 16:00:00,17590.0
NLD,demand_power,power,2019-01-08 17:00:00,16839.0
NLD,demand_power,power,2019-01-08 18:00:00,16291.0
NLD,demand_power,power,2019-01-08 19:00:00,15535.0
NLD,demand_power,power,2019-01-08 20:00:00,14631.0
NLD,demand_power,power,2019-01-08 21:00:00,13663.0
NLD,demand_power,power,2019-01-08 22:00:00,12828.0
NLD,demand_power,power,2019-01-08 23:00:00,12167.0
NLD,demand_power,power,2019-01-09 00:00:00,11750.0
NLD,demand_power,power,2019-01-09 01:00:00,11513.0
NLD,demand_power,power,2019-01-09 02:00:00,11422.0
NLD,demand_power,power,2019-01-09 03:00:00,11562.0
NLD,demand_power,power,2019-01-09 04:00:00,12030.0
NLD,demand_power,power,2019-01-09 05:00:00,13430.0
NLD,demand_power,power,2019-01-09 06:00:00,15515.0
NLD,demand_power,power,2019-01-09 07:00:00,16796.0
NLD,demand_power,power,2019-01-09 08:00:00,16944.0
NLD,demand_power,power,2019-01-09 09:00:00,16617.0
NLD,demand_power,power,2019-01-09 10:00:00,16287.0
NLD,demand_power,power,2019-01-09 11:00:00,15901.0
NLD,demand_power,power,2019-01-09 12:00:00,15965.0
NLD,demand_power,power,2019-01-09 13:00:00,16076.0
NLD,demand_power,power,2019-01-09 14:00:00,16387.0
NLD,demand_power,power,2019-01-09 15:00:00,16843.0
NLD,demand_power,power,2019-01-09 16:00:00,17819.0
NLD,demand_power,power,2019-01-09 17:00:00,17033.0
NLD,demand_power,power,2019-01-09 18:00:00,16426.0
NLD,demand_power,power,2019-01-09 19:00:00,15661.0
NLD,demand_power,power,2019-01-09 20:00:00,14766.0
NLD,demand_power,power,2019-01-09 21:00:00,13776.0
NLD,demand_power,power,2019-01-09 22:00:00,12915.0
NLD,demand_power,power,2019-01-09 23:00:00,12302.0
NLD,demand_power,power,2019-01-10 00:00:00,11854.0
NLD,demand_power,power,2019-01-10 01:00:00,11563.0
NLD,demand_power,power,2019-01-10 02:00:00,11475.0
NLD,demand_power,power,2019-01-10 03:00:00,11571.0
NLD,demand_power,power,2019-01-10 04:00:00,12080.0
NLD,demand_power,power,2019-01-10 05:00:00,13422.0
NLD,demand_power,power,2019-01-10 06:00:00,15496.0
NLD,demand_power,power,2019-01-10 07:00:00,16809.0
NLD,demand_power,power,2019-01-10 08:00:00,17183.0
NLD,demand_power,power,2019-01-10 09:00:00,17222.0
NLD,demand_power,power,2019-01-10 10:00:00,17096.0
NLD,demand_power,power,2019-01-10 11:00:00,16886.0
NLD,demand_power,power,2019-01-10 12:00:00,16886.0
NLD,demand_power,power,2019-01-10 13:00:00,16852.0
NLD,demand_power,power,2019-01-10 14:00:00,16849.0
NLD,demand_power,power,2019-01-10 15:00:00,17080.0
NLD,demand_power,power,2019-01-10 16:00:00,17724.0
NLD,demand_power,power,2019-01-10 17:00:00,17001.0
NLD,demand_power,power,2019-01-10 18:00:00,16467.0
NLD,demand_power,power,2019-01-10 19:00:00,15713.0
NLD,demand_power,power,2019-01-10 20:00:00,14793.0
NLD,demand_power,power,2019-01-10 21:00:00,13776.0
NLD,demand_power,power,2019-01-10 22:00:00,12949.0
NLD,demand_power,power,2019-01-10 23:00:00,12256.0
NLD,demand_power,power,2019-01-11 00:00:00,11813.0
NLD,demand_power,power,2019-01-11 01:00:00,11587.0
NLD,demand_power,power,2019-01-11 02:00:00,11528.0
NLD,demand_power,power,2019-01-11 03:00:00,11577.0
NLD,demand_power,power,2019-01-11 04:00:00,12107.0
NLD,demand_power,power,2019-01-11 05:00:00,13366.0
NLD,demand_power,power,2019-01-11 06:00:00,15354.0
NLD,demand_power,power,2019-01-11 07:00:00,16699.0
NLD,demand_power,power,2019-01-11 08:00:00,17021.0
NLD,demand_power,power,2019-01-11 09:00:00,16944.0
NLD,demand_power,power,2019-01-11 10:00:00,17034.0
NLD,demand_power,power,2019-01-11 11:00:00,16791.0
NLD,demand_power,power,2019-01-11 12:00:00,16779.0
NLD,demand_power,power,2019-01-11 13:00:00,16650.0
NLD,demand_power,power,2019-01-11 14:00:00,16668.0
NLD,demand_power,power,2019-01-11 15:00:00,16749.0
NLD,demand_power,power,2019-01-11 16:00:00,17372.0
NLD,demand_power,power,2019-01-11 17:00:00,16626.0
NLD,demand_power,power,2019-01-11 18:00:00,15938.0
NLD,demand_power,power,2019-01-11 19:00:00,15138.0
NLD,demand_power,power,2019-01-11 20:00:00,14141.0
NLD,demand_power,power,2019-01-11 21:00:00,13293.0
NLD,demand_power,power,2019-01-11 22:00:00,12651.0
NLD,demand_power,power,2019-01-11 23:00:00,12127.0
NLD,demand_power,power,2019-01-12 00:00:00,11692.0
NLD,demand_power,power,2019-01-12 01:00:00,11381.0
NLD,demand_power,power,2019-01-12 02:00:00,11114.0
NLD,demand_power,power,2019-01-12 03:00:00,11082.0
NLD,demand_power,power,2019-01-12 04:00:00,11207.0
NLD,demand_power,power,2019-01-12 05:00:00,11752.0
NLD,demand_power,power,2019-01-12 06:00:00,12506.0
NLD,demand_power,power,2019-01-12 07:00:00,13515.0
NLD,demand_power,power,2019-01-12 08:00:00,14413.0
NLD,demand_power,power,2019-01-12 09:00:00,15043.0
NLD,demand_power,power,2019-01-12 10:00:00,15218.0
NLD,demand_power,power,2019-01-12 11:00:00,15261.0
NLD,demand_power,power,2019-01-12 12:00:00,15057.0
NLD,demand_power,power,2019-01-12 13:00:00,14859.0
NLD,demand_power,power,2019-01-12 14:00:00,14701.0
NLD,demand_power,power,2019-01-12 15:00:00,14912.0
NLD,demand_power,power,2019-01-12 16:00:00,15557.0
NLD,demand_power,power,2019-01-12 17:00:00,15139.0
NLD,demand_power,power,2019-01-12 18:00:00,14544.0
NLD,demand_power,power,2019-01-12 19:00:00,13957.0
NLD,demand_power,power,2019-01-12 20:00:00,13229.0
NLD,demand_power,power,2019-01-12 21:00:00,12634.0
NLD,demand_power,power,2019-01-12 22:00:00,11993.0
NLD,demand_power,power,2019-01-12 23:00:00,11617.0
NLD,demand_power,power,2019-01-13 00:00:00,11233.0
NLD,demand_power,power,2019-01-13 01:00:00,10889.0
NLD,demand_power,power,2019-01-13 02:00:00,10702.0
NLD,demand_power,power,2019-01-13 03:00:00,10682.0
NLD,demand_power,power,2019-01-13 04:00:00,10794.0
NLD,demand_power,power,2019-01-13 05:00:00,11083.0
NLD,demand_power,power,2019-01-13 06:00:00,11560.0
NLD,demand_power,power,2019-01-13 07:00:00,12351.0
NLD,demand_power,power,2019-01-13 08:00:00,12919.0
NLD,demand_power,power,2019-01-13 09:00:00,13499.0
NLD,demand_power,power,2019-01-13 10:00:00,13966.0
NLD,demand_power,power,2019-01-13 11:00:00,14279.0
NLD,demand_power,power,2019-01-13 12:00:00,14237.0
NLD,demand_power,power,2019-01-13 13:00:00,14118.0
NLD,demand_power,power,2019-01-13 14:00:00,13960.0
NLD,demand_power,power,2019-01-13 15:00:00,14182.0
NLD,demand_power,power,2019-01-13 16:00:00,15110.0
NLD,demand_power,power,2019-01-13 17:00:00,14918.0
NLD,demand_power,power,2019-01-13 18:00:00,14508.0
NLD,demand_power,power,2019-01-13 19:00:00,13993.0
NLD,demand_power,power,2019-01-13 20:00:00,13310.0
NLD,demand_power,power,2019-01-13 21:00:00,12650.0
NLD,demand_power,power,2019-01-13 22:00:00,11901.0
NLD,demand_power,power,2019-01-13 23:00:00,11493.0
NLD,demand_power,power,2019-01-14 00:00:00,11197.0
NLD,demand_power,power,2019-01-14 01:00:00,11053.0
NLD,demand_power,power,2019-01-14 02:00:00,10974.0
NLD,demand_power,power,2019-01-14 03:00:00,11100.0
NLD,demand_power,power,2019-01-14 04:00:00,11687.0
NLD,demand_power,power,2019-01-14 05:00:00,13214.0
NLD,demand_power,power,2019-01-14 06:00:00,15262.0
NLD,demand_power,power,2019-01-14 07:00:00,16589.0
NLD,demand_power,power,2019-01-14 08:00:00,16738.0
NLD,demand_power,power,2019-01-14 09:00:00,16519.0
NLD,demand_power,power,2019-01-14 10:00:00,16193.0
NLD,demand_power,power,2019-01-14 11:00:00,15894.0
NLD,demand_power,power,2019-01-14 12:00:00,15926.0
NLD,demand_power,power,2019-01-14 13:00:00,16038.0
NLD,demand_power,power,2019-01-14 14:00:00,16279.0
NLD,demand_power,power,2019-01-14 15:00:00,16731.0
NLD,demand_power,power,2019-01-14 16:00:00,17580.0
NLD,demand_power,power,2019-01-14 17:00:00,17014.0
NLD,demand_power,power,2019-01-14 18:00:00,16457.0
NLD,demand_power,power,2019-01-14 19:00:00,15647.0
NLD,demand_power,power,2019-01-14 20:00:00,14746.0
NLD,demand_power,power,2019-01-14 21:00:00,13775.0
NLD,demand_power,power,2019-01-14 22:00:00,12857.0
NLD,demand_power,power,2019-01-14 23:00:00,12284.0
NLD,demand_power,power,2019-01-15 00:00:00,11775.0
NLD,demand_power,power,2019-01-15 01:00:00,11621.0
NLD,demand_power,power,2019-01-15 02:00:00,11561.0
NLD,demand_power,power,2019-01-15 03:00:00,11638.0
NLD,demand_power,power,2019-01-15 04:00:00,12119.0
NLD,demand_power,power,2019-01-15 05:00:00,13503.0
NLD,demand_power,power,2019-01-15 06:00:00,15489.0
NLD,demand_power,power,2019-01-15 07:00:00,16714.0
NLD,demand_power,power,2019-01-15 08:00:00,16860.0
NLD,demand_power,power,2019-01-15 09:00:00,16730.0
NLD,demand_power,power,2019-01-15 10:00:00,16616.0
NLD,demand_power,power,2019-01-15 11:00:00,16360.0
NLD,demand_power,power,2019-01-15 12:00:00,16476.0
NLD,demand_power,power,2019-01-15 13:00:00,16484.0
NLD,demand_power,power,2019-01-15 14:00:00,16522.0
NLD,demand_power,power,2019-01-15 15:00:00,16784.0
NLD,demand_power,power,2019-01-15 16:00:00,17491.0
NLD,demand_power,power,2019-01-15 17:00:00,16756.0
NLD,demand_power,power,2019-01-15 18:00:00,16123.0
NLD,demand_power,power,2019-01-15 19:00:00,15416.0
NLD,demand_power,power,2019-01-15 20:00:00,14459.0
NLD,demand_power,power,2019-01-15 21:00:00,13493.0
NLD,demand_power,power,2019-01-15 22:00:00,12602.0
NLD,demand_power,power,2019-01-15 23:00:00,12014.0
NLD,demand_power,power,2019-01-16 00:00:00,11558.0
NLD,demand_power,power,2019-01-16 01:00:00,11342.0
NLD,demand_power,power,2019-01-16 02:00:00,11227.0
NLD,demand_power,power,2019-01-16 03:00:00,11371.0
NLD,demand_power,power,2019-01-16 04:00:00,11828.0
NLD,demand_power,power,2019-01-16 05:00:00,13271.0
NLD,demand_power,power,2019-01-16 06:00:00,15274.0
NLD,demand_power,power,2019-01-16 07:00:00,16638.0
NLD,demand_power,power,2019-01-16 08:00:00,16979.0
NLD,demand_power,power,2019-01-16 09:00:00,16896.0
NLD,demand_power,power,2019-01-16 10:00:00,17002.0
NLD,demand_power,power,2019-01-16 11:00:00,16836.0
NLD,demand_power,power,2019-01-16 12:00:00,16894.0
NLD,demand_power,power,2019-01-16 13:00:00,16881.0
NLD,demand_power,power,2019-01-16 14:00:00,16797.0
NLD,demand_power,power,2019-01-16 15:00:00,16933.0
NLD,demand_power,power,2019-01-16 16:00:00,17542.0
NLD,demand_power,power,2019-01-16 17:00:00,16766.0
NLD,demand_power,power,2019-01-16 18:00:00,16143.0
NLD,demand_power,power,2019-01-16 19:00:00,15381.0
NLD,demand_power,power,2019-01-16 20:00:00,14561.0
NLD,demand_power,power,2019-01-16 21:00:00,13547.0
NLD,demand_power,power,2019-01-16 22:00:00,12670.0
NLD,demand_power,power,2019-01-16 23:00:00,12095.0
NLD,demand_power,power,2019-01-17 00:00:00,11717.0
NLD,demand_power,power,2019-01-17 01:00:00,11467.0
NLD,demand_power,power,2019-01-17 02:00:00,11398.0
NLD,demand_power,power,2019-01-17 03:00:00,11520.0
NLD,demand_power,power,2019-01-17 04:00:00,12017.0
NLD,demand_power,power,2019-01-17 05:00:00,13393.0
NLD,demand_power,power,2019-01-17 06:00:00,15411.0
NLD,demand_power,power,2019-01-17 07:00:00,16721.0
NLD,demand_power,power,2019-01-17 08:00:00,17077.0
NLD,demand_power,power,2019-01-17 09:00:00,17111.0
NLD,demand_power,power,2019-01-17 10:00:00,17105.0
NLD,demand_power,power,2019-01-17 11:00:00,16753.0
NLD,demand_power,power,2019-01-17 12:00:00,16627.0
NLD,demand_power,power,2019-01-17 13:00:00,16511.0
NLD,demand_power,power,2019-01-17 14:00:00,16778.0
NLD,demand_power,power,2019-01-17 15:00:00,17100.0
NLD,demand_power,power,2019-01-17 16:00:00,17788.0
NLD,demand_power,power,2019-01-17 17:00:00,17204.0
NLD,demand_power,power,2019-01-17 18:00:00,16675.0
NLD,demand_power,power,2019-01-17 19:00:00,15826.0
NLD,demand_power,power,2019-01-17 20:00:00,14914.0
NLD,demand_power,power,2019-01-17 21:00:00,13880.0
NLD,demand_power,power,2019-01-17 22:00:00,13006.0
NLD,demand_power,power,2019-01-17 23:00:00,12395.0
NLD,demand_power,power,2019-01-18 00:00:00,12035.0
NLD,demand_power,power,2019-01-18 01:00:00,11754.0
NLD,demand_power,power,2019-01-18 02:00:00,11681.0
NLD,demand_power,power,2019-01-18 03:00:00,11784.0
NLD,demand_power,power,2019-01-18 04:00:00,12269.0
NLD,demand_power,power,2019-01-18 05:00:00,13631.0
NLD,demand_power,power,2019-01-18 06:00:00,15662.0
NLD,demand_power,power,2019-01-18 07:00:00,16910.0
NLD,demand_power,power,2019-01-18 08:00:00,17103.0
NLD,demand_power,power,2019-01-18 09:00:00,16750.0
NLD,demand_power,power,2019-01-18 10:00:00,16270.0
NLD,demand_power,power,2019-01-18 11:00:00,15890.0
NLD,demand_power,power,2019-01-18 12:00:00,16073.0
NLD,demand_power,power,2019-01-18 13:00:00,16246.0
NLD,demand_power,power,2019-01-18 14:00:00,16415.0
NLD,demand_power,power,2019-01-18 15:00:00,16654.0
NLD,demand_power,power,2019-01-18 16:00:00,17425.0
NLD,demand_power,power,2019-01-18 17:00:00,16869.0
NLD,demand_power,power,2019-01-18 18:00:00,16280.0
NLD,demand_power,power,2019-01-18 19:00:00,15507.0
NLD,demand_power,power,2019-01-18 20:00:00,14600.0
NLD,demand_power,power,2019-01-18 21:00:00,13693.0
NLD,demand_power,power,2019-01-18 22:00:00,13024.0
NLD,demand_power,power,2019-01-18 23:00:00,12515.0
NLD,demand_power,power,2019-01-19 00:00:00,12007.0
NLD,demand_power,power,2019-01-19 01:00:00,11627.0
NLD,demand_power,power,2019-01-19 02:00:00,11481.0
NLD,demand_power,power,2019-01-19 03:00:00,11403.0
NLD,demand_power,power,2019-01-19 04:00:00,11588.0
NLD,demand_power,power,2019-01-19 05:00:00,12090.0
NLD,demand_power,power,2019-01-19 06:00:00,12964.0
NLD,demand_power,power,2019-01-19 07:00:00,14016.0
NLD,demand_power,power,2019-01-19 08:00:00,14684.0
NLD,demand_power,power,2019-01-19 09:00:00,14699.0
NLD,demand_power,power,2019-01-19 10:00:00,14377.0
NLD,demand_power,power,2019-01-19 11:00:00,13998.0
NLD,demand_power,power,2019-01-19 12:00:00,13743.0
NLD,demand_power,power,2019-01-19 13:00:00,13721.0
NLD,demand_power,power,2019-01-19 14:00:00,13943.0
NLD,demand_power,power,2019-01-19 15:00:00,14463.0
NLD,demand_power,power,2019-01-19 16:00:00,15615.0
NLD,demand_power,power,2019-01-19 17:00:00,15453.0
NLD,demand_power,power,2019-01-19 18:00:00,14989.0
NLD,demand_power,power,2019-01-19 19:00:00,14376.0
NLD,demand_power,power,2019-01-19 20:00:00,13666.0
NLD,demand_power,power,2019-01-19 21:00:00,13057.0
NLD,demand_power,power,2019-01-19 22:00:00,12452.0
NLD,demand_power,power,2019-01-19 23:00:00,12019.0
NLD,demand_power,power,2019-01-20 00:00:00,11594.0
NLD,demand_power,power,2019-01-20 01:00:00,11306.0
NLD,demand_power,power,2019-01-20 02:00:00,11154.0
NLD,demand_power,power,2019-01-20 03:00:00,11127.0
NLD,demand_power,power,2019-01-20 04:00:00,11250.0
NLD,demand_power,power,2019-01-20 05:00:00,11539.0
NLD,demand_power,power,2019-01-20 06:00:00,12057.0
NLD,demand_power,power,2019-01-20 07:00:00,12744.0
NLD,demand_power,power,2019-01-20 08:00:00,13211.0
NLD,demand_power,power,2019-01-20 09:00:00,13234.0
NLD,demand_power,power,2019-01-20 10:00:00,13064.0
NLD,demand_power,power,2019-01-20 11:00:00,12980.0
NLD,demand_power,power,2019-01-20 12:00:00,12869.0
NLD,demand_power,power,2019-01-20 13:00:00,12921.0
NLD,demand_power,power,2019-01-20 14:00:00,13203.0
NLD,demand_power,power,2019-01-20 15:00:00,13823.0
NLD,demand_power,power,2019-01-20 16:00:00,15145.0
NLD,demand_power,power,2019-01-20 17:00:00,15286.0
NLD,demand_power,power,2019-01-20 18:00:00,14938.0
NLD,demand_power,power,2019-01-20 19:00:00,14456.0
NLD,demand_power,power,2019-01-20 20:00:00,13822.0
NLD,demand_power,power,2019-01-20 21:00:00,13143.0
NLD,demand_power,power,2019-01-20 22:00:00,12351.0
NLD,demand_power,power,2019-01-20 23:00:00,11932.0
NLD,demand_power,power,2019-01-21 00:00:00,11680.0
NLD,demand_power,power,2019-01-21 01:00:00,11528.0
NLD,demand_power,power,2019-01-21 02:00:00,11557.0
NLD,demand_power,power,2019-01-21 03:00:00,11717.0
NLD,demand_power,power,2019-01-21 04:00:00,12320.0
NLD,demand_power,power,2019-01-21 05:00:00,13854.0
NLD,demand_power,power,2019-01-21 06:00:00,15928.0
NLD,demand_power,power,2019-01-21 07:00:00,17198.0
NLD,demand_power,power,2019-01-21 08:00:00,17262.0
NLD,demand_power,power,2019-01-21 09:00:00,16780.0
NLD,demand_power,power,2019-01-21 10:00:00,16342.0
NLD,demand_power,power,2019-01-21 11:00:00,15897.0
NLD,demand_power,power,2019-01-21 12:00:00,15921.0
NLD,demand_power,power,2019-01-21 13:00:00,16086.0
NLD,demand_power,power,2019-01-21 14:00:00,16520.0
NLD,demand_power,power,2019-01-21 15:00:00,16897.0
NLD,demand_power,power,2019-01-21 16:00:00,17706.0
NLD,demand_power,power,2019-01-21 17:00:00,17232.0
NLD,demand_power,power,2019-01-21 18:00:00,16667.0
NLD,demand_power,power,2019-01-21 19:00:00,15931.0
NLD,demand_power,power,2019-01-21 20:00:00,15039.0
NLD,demand_power,power,2019-01-21 21:00:00,13989.0
NLD,demand_power,power,2019-01-21 22:00:00,13072.0
NLD,demand_power,power,2019-01-21 23:00:00,12439.0
NLD,demand_power,power,2019-01-22 00:00:00,12071.0
NLD,demand_power,power,2019-01-22 01:00:00,11856.0
NLD,demand_power,power,2019-01-22 02:00:00,11831.0
NLD,demand_power,power,2019-01-22 03:00:00,11942.0
NLD,demand_power,power,2019-01-22 04:00:00,12417.0
NLD,demand_power,power,2019-01-22 05:00:00,13871.0
NLD,demand_power,power,2019-01-22 06:00:00,15932.0
NLD,demand_power,power,2019-01-22 07:00:00,17165.0
NLD,demand_power,power,2019-01-22 08:00:00,17428.0
NLD,demand_power,power,2019-01-22 09:00:00,17403.0
NLD,demand_power,power,2019-01-22 10:00:00,17481.0
NLD,demand_power,power,2019-01-22 11:00:00,17486.0
NLD,demand_power,power,2019-01-22 12:00:00,17625.0
NLD,demand_power,power,2019-01-22 13:00:00,17617.0
NLD,demand_power,power,2019-01-22 14:00:00,17509.0
NLD,demand_power,power,2019-01-22 15:00:00,17479.0
NLD,demand_power,power,2019-01-22 16:00:00,18020.0
NLD,demand_power,power,2019-01-22 17:00:00,17433.0
NLD,demand_power,power,2019-01-22 18:00:00,16873.0
NLD,demand_power,power,2019-01-22 19:00:00,16095.0
NLD,demand_power,power,2019-01-22 20:00:00,15144.0
NLD,demand_power,power,2019-01-22 21:00:00,14126.0
NLD,demand_power,power,2019-01-22 22:00:00,13233.0
NLD,demand_power,power,2019-01-22 23:00:00,12609.0
NLD,demand_power,power,2019-01-23 00:00:00,12218.0
NLD,demand_power,power,2019-01-23 01:00:00,11945.0
NLD,demand_power,power,2019-01-23 02:00:00,11846.0
NLD,demand_power,power,2019-01-23 03:00:00,11973.0
NLD,demand_power,power,2019-01-23 04:00:00,12472.0
NLD,demand_power,power,2019-01-23 05:00:00,13828.0
NLD,demand_power,power,2019-01-23 06:00:00,15920.0
NLD,demand_power,power,2019-01-23 07:00:00,17146.0
NLD,demand_power,power,2019-01-23 08:00:00,17536.0
NLD,demand_power,power,2019-01-23 09:00:00,17440.0
NLD,demand_power,power,2019-01-23 10:00:00,17248.0
NLD,demand_power,power,2019-01-23 11:00:00,16884.0
NLD,demand_power,power,2019-01-23 12:00:00,17132.0
NLD,demand_power,power,2019-01-23 13:00:00,17220.0
NLD,demand_power,power,2019-01-23 14:00:00,17260.0
NLD,demand_power,power,2019-01-23 15:00:00,17402.0
NLD,demand_power,power,2019-01-23 16:00:00,17986.0
NLD,demand_power,power,2019-01-23 17:00:00,17348.0
NLD,demand_power,power,2019-01-23 18:00:00,16718.0
NLD,demand_power,power,2019-01-23 19:00:00,15938.0
NLD,demand_power,power,2019-01-23 20:00:00,15115.0
NLD,demand_power,power,2019-01-23 21:00:00,14130.0
NLD,demand_power,power,2019-01-23 22:00:00,13269.0
NLD,demand_power,power,2019-01-23 23:00:00,12632.0
NLD,demand_power,power,2019-01-24 00:00:00,12273.0
NLD,demand_power,power,2019-01-24 01:00:00,12017.0
NLD,demand_power,power,2019-01-24 02:00:00,11929.0
NLD,demand_power,power,2019-01-24 03:00:00,12039.0
NLD,demand_power,power,2019-01-24 04:00:00,12578.0
NLD,demand_power,power,2019-01-24 05:00:00,13964.0
NLD,demand_power,power,2019-01-24 06:00:00,16015.0
NLD,demand_power,power,2019-01-24 07:00:00,17217.0
NLD,demand_power,power,2019-01-24 08:00:00,17604.0
NLD,demand_power,power,2019-01-24 09:00:00,17575.0
NLD,demand_power,power,2019-01-24 10:00:00,17412.0
NLD,demand_power,power,2019-01-24 11:00:00,17033.0
NLD,demand_power,power,2019-01-24 12:00:00,17070.0
NLD,demand_power,power,2019-01-24 13:00:00,17223.0
NLD,demand_power,power,2019-01-24 14:00:00,17275.0
NLD,demand_power,power,2019-01-24 15:00:00,17393.0
NLD,demand_power,power,2019-01-24 16:00:00,17947.0
NLD,demand_power,power,2019-01-24 17:00:00,17454.0
NLD,demand_power,power,2019-01-24 18:00:00,16895.0
NLD,demand_power,power,2019-01-24 19:00:00,16136.0
NLD,demand_power,power,2019-01-24 20:00:00,15169.0
NLD,demand_power,power,2019-01-24 21:00:00,14225.0
NLD,demand_power,power,2019-01-24 22:00:00,13351.0
NLD,demand_power,power,2019-01-24 23:00:00,12753.0
NLD,demand_power,power,2019-01-25 00:00:00,12309.0
NLD,demand_power,power,2019-01-25 01:00:00,12096.0
NLD,demand_power,power,2019-01-25 02:00:00,11964.0
NLD,demand_power,power,2019-01-25 03:00:00,12061.0
NLD,demand_power,power,2019-01-25 04:00:00,12560.0
NLD,demand_power,power,2019-01-25 05:00:00,13915.0
NLD,demand_power,power,2019-01-25 06:00:00,15902.0
NLD,demand_power,power,2019-01-25 07:00:00,17188.0
NLD,demand_power,power,2019-01-25 08:00:00,17639.0
NLD,demand_power,power,2019-01-25 09:00:00,17699.0
NLD,demand_power,power,2019-01-25 10:00:00,17650.0
NLD,demand_power,power,2019-01-25 11:00:00,17493.0
NLD,demand_power,power,2019-01-25 12:00:00,17439.0
NLD,demand_power,power,2019-01-25 13:00:00,17347.0
NLD,demand_power,power,2019-01-25 14:00:00,17207.0
NLD,demand_power,power,2019-01-25 15:00:00,17296.0
NLD,demand_power,power,2019-01-25 16:00:00,17755.0
NLD,demand_power,power,2019-01-25 17:00:00,17059.0
NLD,demand_power,power,2019-01-25 18:00:00,16311.0
NLD,demand_power,power,2019-01-25 19:00:00,15471.0
NLD,demand_power,power,2019-01-25 20:00:00,14450.0
NLD,demand_power,power,2019-01-25 21:00:00,13602.0
NLD,demand_power,power,2019-01-25 22:00:00,12851.0
NLD,demand_power,power,2019-01-25 23:00:00,12290.0
NLD,demand_power,power,2019-01-26 00:00:00,11766.0
NLD,demand_power,power,2019-01-26 01:00:00,11428.0
NLD,demand_power,power,2019-01-26 02:00:00,11224.0
NLD,demand_power,power,2019-01-26 03:00:00,11188.0
NLD,demand_power,power,2019-01-26 04:00:00,11360.0
NLD,demand_power,power,2019-01-26 05:00:00,11911.0
NLD,demand_power,power,2019-01-26 06:00:00,12646.0
NLD,demand_power,power,2019-01-26 07:00:00,13725.0
NLD,demand_power,power,2019-01-26 08:00:00,14604.0
NLD,demand_power,power,2019-01-26 09:00:00,15114.0
NLD,demand_power,power,2019-01-26 10:00:00,15215.0
NLD,demand_power,power,2019-01-26 11:00:00,15086.0
NLD,demand_power,power,2019-01-26 12:00:00,14842.0
NLD,demand_power,power,2019-01-26 13:00:00,14663.0
NLD,demand_power,power,2019-01-26 14:00:00,14503.0
NLD,demand_power,power,2019-01-26 15:00:00,14642.0
NLD,demand_power,power,2019-01-26 16:00:00,15259.0
NLD,demand_power,power,2019-01-26 17:00:00,15013.0
NLD,demand_power,power,2019-01-26 18:00:00,14529.0
NLD,demand_power,power,2019-01-26 19:00:00,13900.0
NLD,demand_power,power,2019-01-26 20:00:00,13177.0
NLD,demand_power,power,2019-01-26 21:00:00,12676.0
NLD,demand_power,power,2019-01-26 22:00:00,12018.0
NLD,demand_power,power,2019-01-26 23:00:00,11582.0
NLD,demand_power,power,2019-01-27 00:00:00,11184.0
NLD,demand_power,power,2019-01-27 01:00:00,10887.0
NLD,demand_power,power,2019-01-27 02:00:00,10691.0
NLD,demand_power,power,2019-01-27 03:00:00,10677.0
NLD,demand_power,power,2019-01-27 04:00:00,10814.0
NLD,demand_power,power,2019-01-27 05:00:00,11150.0
NLD,demand_power,power,2019-01-27 06:00:00,11593.0
NLD,demand_power,power,2019-01-27 07:00:00,12367.0
NLD,demand_power,power,2019-01-27 08:00:00,13059.0
NLD,demand_power,power,2019-01-27 09:00:00,13586.0
NLD,demand_power,power,2019-01-27 10:00:00,14018.0
NLD,demand_power,power,2019-01-27 11:00:00,14275.0
NLD,demand_power,power,2019-01-27 12:00:00,14151.0
NLD,demand_power,power,2019-01-27 13:00:00,13948.0
NLD,demand_power,power,2019-01-27 14:00:00,13814.0
NLD,demand_power,power,2019-01-27 15:00:00,14038.0
NLD,demand_power,power,2019-01-27 16:00:00,14983.0
NLD,demand_power,power,2019-01-27 17:00:00,15079.0
NLD,demand_power,power,2019-01-27 18:00:00,14628.0
NLD,demand_power,power,2019-01-27 19:00:00,14163.0
NLD,demand_power,power,2019-01-27 20:00:00,13384.0
NLD,demand_power,power,2019-01-27 21:00:00,12813.0
NLD,demand_power,power,2019-01-27 22:00:00,12041.0
NLD,demand_power,power,2019-01-27 23:00:00,11625.0
NLD,demand_power,power,2019-01-28 00:00:00,11351.0
NLD,demand_power,power,2019-01-28 01:00:00,11200.0
NLD,demand_power,power,2019-01-28 02:00:00,11146.0
NLD,demand_power,power,2019-01-28 03:00:00,11310.0
NLD,demand_power,power,2019-01-28 04:00:00,11779.0
NLD,demand_power,power,2019-01-28 05:00:00,13247.0
NLD,demand_power,power,2019-01-28 06:00:00,15362.0
NLD,demand_power,power,2019-01-28 07:00:00,16713.0
NLD,demand_power,power,2019-01-28 08:00:00,16966.0
NLD,demand_power,power,2019-01-28 09:00:00,16988.0
NLD,demand_power,power,2019-01-28 10:00:00,16774.0
NLD,demand_power,power,2019-01-28 11:00:00,16406.0
NLD,demand_power,power,2019-01-28 12:00:00,16384.0
NLD,demand_power,power,2019-01-28 13:00:00,16296.0
NLD,demand_power,power,2019-01-28 14:00:00,16388.0
NLD,demand_power,power,2019-01-28 15:00:00,16737.0
NLD,demand_power,power,2019-01-28 16:00:00,17428.0
NLD,demand_power,power,2019-01-28 17:00:00,17152.0
NLD,demand_power,power,2019-01-28 18:00:00,16587.0
NLD,demand_power,power,2019-01-28 19:00:00,15795.0
NLD,demand_power,power,2019-01-28 20:00:00,14855.0
NLD,demand_power,power,2019-01-28 21:00:00,13916.0
NLD,demand_power,power,2019-01-28 22:00:00,12943.0
NLD,demand_power,power,2019-01-28 23:00:00,12416.0
NLD,demand_power,power,2019-01-29 00:00:00,12065.0
NLD,demand_power,power,2019-01-29 01:00:00,11831.0
NLD,demand_power,power,2019-01-29 02:00:00,11733.0
NLD,demand_power,power,2019-01-29 03:00:00,11812.0
NLD,demand_power,power,2019-01-29 04:00:00,12317.0
NLD,demand_power,power,2019-01-29 05:00:00,13729.0
NLD,demand_power,power,2019-01-29 06:00:00,15832.0
NLD,demand_power,power,2019-01-29 07:00:00,16945.0
NLD,demand_power,power,2019-01-29 08:00:00,16994.0
NLD,demand_power,power,2019-01-29 09:00:00,16604.0
NLD,demand_power,power,2019-01-29 10:00:00,16173.0
NLD,demand_power,power,2019-01-29 11:00:00,15596.0
NLD,demand_power,power,2019-01-29 12:00:00,15639.0
NLD,demand_power,power,2019-01-29 13:00:00,15823.0
NLD,demand_power,power,2019-01-29 14:00:00,16291.0
NLD,demand_power,power,2019-01-29 15:00:00,16726.0
NLD,demand_power,power,2019-01-29 16:00:00,17465.0
NLD,demand_power,power,2019-01-29 17:00:00,17152.0
NLD,demand_power,power,2019-01-29 18:00:00,16635.0
NLD,demand_power,power,2019-01-29 19:00:00,15899.0
NLD,demand_power,power,2019-01-29 20:00:00,14987.0
NLD,demand_power,power,2019-01-29 21:00:00,13974.0
NLD,demand_power,power,2019-01-29 22:00:00,13132.0
NLD,demand_power,power,2019-01-29 23:00:00,12545.0
NLD,demand_power,power,2019-01-30 00:00:00,12170.0
NLD,demand_power,power,2019-01-30 01:00:00,11920.0
NLD,demand_power,power,2019-01-30 02:00:00,11864.0
NLD,demand_power,power,2019-01-30 03:00:00,11967.0
NLD,demand_power,power,2019-01-30 04:00:00,12499.0
NLD,demand_power,power,2019-01-30 05:00:00,13876.0
NLD,demand_power,power,2019-01-30 06:00:00,15953.0
NLD,demand_power,power,2019-01-30 07:00:00,17198.0
NLD,demand_power,power,2019-01-30 08:00:00,17586.0
NLD,demand_power,power,2019-01-30 09:00:00,17452.0
NLD,demand_power,power,2019-01-30 10:00:00,17353.0
NLD,demand_power,power,2019-01-30 11:00:00,17122.0
NLD,demand_power,power,2019-01-30 12:00:00,17132.0
NLD,demand_power,power,2019-01-30 13:00:00,17130.0
NLD,demand_power,power,2019-01-30 14:00:00,17240.0
NLD,demand_power,power,2019-01-30 15:00:00,17425.0
NLD,demand_power,power,2019-01-30 16:00:00,18002.0
NLD,demand_power,power,2019-01-30 17:00:00,17390.0
NLD,demand_power,power,2019-01-30 18:00:00,16762.0
NLD,demand_power,power,2019-01-30 19:00:00,15954.0
NLD,demand_power,power,2019-01-30 20:00:00,15108.0
NLD,demand_power,power,2019-01-30 21:00:00,14178.0
NLD,demand_power,power,2019-01-30 22:00:00,13296.0
NLD,demand_power,power,2019-01-30 23:00:00,12671.0
NLD,demand_power,power,2019-01-31 00:00:00,12205.0
NLD,demand_power,power,2019-01-31 01:00:00,11946.0
NLD,demand_power,power,2019-01-31 02:00:00,11870.0
NLD,demand_power,power,2019-01-31 03:00:00,11939.0
NLD,demand_power,power,2019-01-31 04:00:00,12466.0
NLD,demand_power,power,2019-01-31 05:00:00,13922.0
NLD,demand_power,power,2019-01-31 06:00:00,15990.0
NLD,demand_power,power,2019-01-31 07:00:00,16862.0
NLD,demand_power,power,2019-01-31 08:00:00,17264.0
NLD,demand_power,power,2019-01-31 09:00:00,17412.0
NLD,demand_power,power,2019-01-31 10:00:00,17331.0
NLD,demand_power,power,2019-01-31 11:00:00,17177.0
NLD,demand_power,power,2019-01-31 12:00:00,17264.0
NLD,demand_power,power,2019-01-31 13:00:00,17214.0
NLD,demand_power,power,2019-01-31 14:00:00,17284.0
NLD,demand_power,power,2019-01-31 15:00:00,17414.0
NLD,demand_power,power,2019-01-31 16:00:00,17872.0
NLD,demand_power,power,2019-01-31 17:00:00,17435.0
NLD,demand_power,power,2019-01-31 18:00:00,16899.0
NLD,demand_power,power,2019-01-31 19:00:00,16136.0
NLD,demand_power,power,2019-01-31 20:00:00,15205.0
NLD,demand_power,power,2019-01-31 21:00:00,14148.0
NLD,demand_power,power,2019-01-31 22:00:00,13304.0
NLD,demand_power,power,2019-01-31 23:00:00,12680.0
